battery_temperature,voltage,current,state_of_charge,avg_current,state_of_health,charge_cycles
39.55,390.95,87.01,33.3,79.13,99.43,525
26.68,370.01,182.08,55.42,45.87,101.52,412
31.64,330.06,182.4,98.45,122.48,102.39,404
41.46,382.08,97.07,19.06,67.95,100.64,574
41.96,415.99,98.02,87.88,42.77,101.79,445
35.19,347.86,165.84,70.13,5.17,99.91,499
40.37,329.27,68.41,88.34,32.7,100.35,502
38.11,353.76,20.69,38.8,78.65,102.53,593
13.82,366.15,142.78,59.27,123.1,100.16,575
30.57,353.4,121.28,44.64,88.47,98.65,515
16.63,322.41,124.49,69.1,74.1,97.44,569
42.32,401.1,180.14,93.08,83.39,99.24,396
34.68,333.08,163.27,86.45,134.78,100.42,564
25.77,379.23,199.27,92.52,120.03,97.36,541
31.45,358.37,127.88,86.06,40.24,101.25,500
37.81,339.9,164.1,19.05,26.22,101.04,502
11.58,368.86,182.45,58.08,103.69,97.0,520
30.16,346.95,77.18,98.25,10.28,96.96,514
43.64,322.2,29.16,28.95,121.11,102.44,501
13.55,331.19,48.06,68.22,55.79,97.89,561
27.63,304.73,24.68,98.94,33.91,98.95,513
42.15,320.33,136.16,96.99,13.42,100.85,364
39.59,341.08,53.88,63.71,69.14,97.83,493
29.92,361.03,65.73,42.14,126.46,98.28,553
29.62,301.49,149.61,40.23,11.63,98.45,547
22.33,334.55,75.04,95.22,96.89,100.48,636
35.05,346.56,85.81,68.57,5.22,97.89,530
32.31,345.44,175.71,61.13,65.09,99.14,559
34.56,350.19,134.13,14.21,69.58,98.28,583
27.05,367.37,152.32,89.55,76.71,98.58,596
26.34,397.09,175.63,83.12,32.26,102.7,415
35.39,418.42,83.35,71.07,50.85,97.97,532
35.11,300.28,165.43,57.55,19.18,97.39,493
19.8,417.42,24.54,86.85,62.52,97.16,472
19.61,354.36,159.51,87.52,24.35,99.79,472
40.52,333.41,8.62,13.66,103.74,100.0,455
43.13,412.61,182.42,13.78,113.62,100.85,425
41.59,376.82,77.63,58.41,35.14,100.15,417
10.31,318.12,70.01,81.07,109.18,98.65,521
15.74,417.83,61.46,45.53,84.53,98.37,528
26.73,328.76,14.41,26.16,80.84,97.03,530
24.52,311.93,182.19,52.66,126.92,102.45,469
22.03,357.49,141.42,48.39,48.78,100.99,581
31.94,345.07,195.04,67.5,14.55,97.08,490
36.25,307.34,6.53,45.44,80.26,99.25,439
33.78,350.76,76.82,98.96,42.83,101.21,475
25.09,343.02,17.45,87.72,106.79,101.96,364
14.16,347.75,45.41,13.79,142.45,97.83,581
15.12,323.76,78.72,59.18,26.94,102.45,472
24.21,381.59,176.14,54.59,137.97,98.44,535
27.45,359.84,135.66,28.18,93.42,97.81,472
41.47,398.17,11.92,23.35,42.25,101.19,599
39.48,369.95,145.04,82.63,14.62,96.99,586
17.88,304.88,7.98,85.96,52.94,97.43,551
15.21,378.73,193.88,55.45,135.66,99.47,432
38.18,390.94,198.15,77.23,136.34,97.69,517
28.74,371.83,166.01,53.4,119.7,98.77,430
37.93,378.84,5.05,26.38,78.49,97.96,490
12.3,403.19,188.87,37.25,64.17,101.28,547
14.46,334.45,166.84,15.0,10.21,98.92,559
27.21,403.6,144.85,70.62,26.95,102.32,371
23.53,305.64,96.82,23.62,9.71,100.09,541
32.05,312.64,112.08,41.2,60.6,101.04,350
31.35,356.06,128.3,40.41,23.03,100.47,495
31.77,394.63,29.79,92.06,120.9,101.86,516
38.36,362.28,158.17,27.02,118.41,99.02,459
36.48,354.66,158.96,16.78,11.47,101.95,322
43.07,379.98,116.5,29.44,18.55,101.25,479
41.11,393.53,141.21,47.81,49.27,97.0,505
42.3,412.29,86.05,18.93,117.2,100.72,516
11.07,353.61,138.85,12.71,138.3,102.07,444
12.46,343.11,10.73,41.31,6.44,102.14,422
38.67,308.46,179.22,28.72,34.69,100.32,520
10.25,344.3,9.81,64.44,129.58,97.39,553
13.93,341.33,192.04,21.71,145.15,98.43,490
42.8,414.98,129.0,26.56,148.98,96.87,586
30.33,318.77,180.05,95.11,121.64,98.14,551
20.19,350.37,14.02,21.9,7.98,96.7,683
12.56,350.43,112.4,76.68,25.63,98.75,514
25.57,344.31,190.04,15.21,64.25,98.71,513
35.49,338.48,44.78,36.4,73.28,101.9,466
29.54,382.58,160.15,50.15,62.82,100.8,433
25.11,329.75,93.42,94.34,25.67,98.95,481
17.13,300.22,141.3,65.69,6.13,97.96,498
36.9,375.47,111.32,24.06,107.41,98.99,481
18.13,391.44,59.62,98.56,22.52,101.45,372
11.42,330.79,107.59,62.35,62.45,96.75,580
36.43,409.05,121.1,13.19,119.87,97.96,599
21.9,363.62,53.56,92.8,28.72,98.61,516
30.09,375.26,108.62,46.97,97.02,98.53,607
37.25,394.58,61.99,43.46,96.18,97.04,554
30.69,316.74,135.31,41.87,73.54,98.58,479
26.69,383.36,67.06,68.68,13.73,97.88,552
31.74,303.07,96.95,89.97,6.47,99.23,499
12.33,404.05,138.83,76.78,102.01,96.1,678
44.99,404.78,141.44,75.44,37.87,100.56,507
20.08,312.66,94.87,39.72,29.4,98.57,586
25.66,385.06,107.21,21.63,137.01,98.69,494
37.63,346.67,162.33,45.06,36.92,97.2,644
11.74,346.6,50.64,17.62,32.08,96.35,561
32.33,320.8,124.1,65.13,107.21,99.07,496
22.36,355.0,128.22,56.45,143.69,101.72,577
42.54,412.09,118.29,54.12,107.1,97.27,566
15.7,300.46,132.65,22.64,119.07,100.05,516
43.97,347.58,184.67,50.83,54.23,96.57,664
21.3,354.69,68.4,12.59,11.43,98.16,474
17.34,362.94,41.62,28.15,102.54,100.35,445
18.91,341.27,143.93,14.01,140.46,96.36,700
26.13,386.95,14.26,82.81,146.94,98.68,551
13.46,391.85,85.73,92.73,68.89,96.37,607
24.94,390.58,166.72,13.54,31.16,98.84,613
42.71,338.35,89.79,60.13,46.4,99.14,609
17.04,335.6,91.15,64.42,82.74,97.45,567
37.42,311.87,147.91,32.39,46.26,100.29,522
33.09,389.03,105.48,87.32,22.66,99.73,579
22.56,380.99,142.18,69.45,37.13,100.84,545
18.4,362.18,136.56,31.02,96.13,97.56,612
29.36,339.35,119.16,12.28,23.82,98.2,641
44.15,361.26,19.91,78.85,118.31,100.47,404
17.47,387.91,164.15,78.4,56.25,99.36,476
32.01,408.1,26.06,85.05,81.33,97.95,542
17.7,378.33,133.87,54.52,143.23,98.68,535
20.99,401.73,55.54,64.39,107.0,100.71,495
12.07,304.59,146.66,96.55,54.76,98.42,481
35.4,378.94,55.72,70.44,49.21,97.9,458
15.29,302.64,127.43,12.21,11.52,97.1,548
32.89,307.99,17.17,97.49,66.28,101.09,486
22.53,321.23,69.12,98.81,113.36,98.03,611
24.32,331.65,108.61,76.21,104.56,98.5,668
24.31,346.84,5.61,22.44,130.98,98.79,565
35.64,317.78,69.36,85.61,124.0,97.18,678
15.91,394.52,138.31,25.15,16.38,101.26,483
30.93,374.46,94.21,23.51,92.29,97.19,603
10.95,411.89,12.08,18.07,47.45,96.57,494
18.27,342.7,148.42,46.42,44.13,98.61,494
41.52,366.05,195.58,79.56,87.72,97.22,601
34.04,354.71,145.67,46.34,76.92,95.76,605
33.83,369.84,156.3,36.08,104.49,96.87,562
28.52,340.83,195.8,97.47,35.3,99.02,448
42.36,370.34,145.42,71.32,56.24,101.11,610
41.48,339.68,150.74,10.82,123.37,98.99,579
31.9,338.76,157.64,64.06,148.18,95.6,593
14.93,305.23,29.54,93.64,142.55,98.46,643
37.25,389.67,41.59,59.4,66.46,101.27,431
16.08,320.38,133.48,24.17,20.96,98.58,559
36.42,331.89,60.57,48.58,148.67,99.86,425
43.12,364.54,113.14,99.11,32.55,100.24,523
36.25,318.64,133.92,93.13,86.68,97.7,445
43.23,367.39,85.27,65.27,121.6,96.89,651
42.95,381.63,128.03,66.5,77.06,99.9,509
18.72,407.01,58.52,95.05,139.34,95.97,506
25.74,361.07,162.33,73.45,143.91,96.48,619
42.32,411.36,128.78,94.64,41.64,100.77,492
13.17,303.62,7.14,32.55,115.54,97.79,473
37.14,375.08,80.91,89.21,10.57,98.25,558
34.87,339.37,9.74,52.64,80.65,95.7,580
29.81,341.69,5.88,27.17,21.07,98.68,665
39.58,413.44,66.39,91.47,147.73,100.02,536
19.63,380.51,121.15,46.38,49.38,95.78,628
26.83,377.03,153.99,14.2,124.45,95.67,631
29.42,389.3,128.09,95.47,54.98,98.92,593
38.47,324.19,55.89,73.04,41.81,96.95,614
42.74,419.83,35.26,91.01,85.15,95.61,535
11.18,390.92,164.47,16.45,99.02,98.11,503
18.36,355.04,36.08,40.03,100.01,98.22,473
38.72,341.21,163.53,17.2,67.02,97.46,537
25.81,400.02,104.92,98.85,129.91,96.05,593
35.68,302.3,177.76,27.4,65.01,95.7,619
20.89,346.74,15.19,79.08,108.15,97.47,575
11.89,342.6,180.86,78.08,102.49,98.69,512
38.13,349.47,10.98,82.22,32.62,97.63,539
22.28,321.25,125.12,68.81,6.98,98.03,573
29.39,404.6,101.73,17.24,12.5,100.45,518
19.18,377.76,23.67,84.39,53.37,101.0,360
26.5,303.97,182.27,66.3,46.63,95.48,587
29.19,317.63,39.05,92.88,97.82,96.71,606
40.76,374.97,189.39,53.46,133.75,99.31,560
19.86,320.4,51.45,30.34,132.36,98.01,561
40.68,316.56,115.16,11.21,139.89,95.25,535
45.0,302.34,165.7,55.91,10.54,99.87,572
13.92,373.38,156.77,70.62,60.08,95.36,493
21.65,329.76,31.88,55.92,82.34,95.63,661
24.27,379.04,193.38,48.84,68.23,98.01,559
32.58,347.65,118.37,85.2,149.71,100.48,547
23.01,302.61,124.26,52.71,39.37,95.4,568
43.74,312.8,176.14,14.38,108.45,95.31,713
24.74,404.43,81.66,93.21,108.41,98.77,559
24.39,370.82,199.23,35.53,78.02,100.73,528
22.09,375.43,154.4,66.72,114.25,96.29,628
30.43,335.53,128.71,36.2,67.53,99.2,510
19.42,387.35,72.64,21.89,93.9,96.09,542
12.67,385.29,137.76,80.0,84.01,98.41,565
15.92,324.9,49.51,57.28,123.75,97.22,641
35.08,340.22,28.1,96.65,128.92,97.52,495
40.21,407.91,71.78,55.14,53.11,99.23,666
36.03,336.63,176.7,99.34,55.25,100.74,390
27.9,415.76,199.19,83.16,104.1,95.96,681
34.66,412.26,105.84,72.72,98.87,96.26,595
32.55,417.81,26.68,71.97,94.07,97.28,570
41.23,398.08,98.74,19.73,70.63,98.52,528
18.89,358.38,156.27,93.05,86.44,99.96,605
42.23,320.16,166.36,86.46,132.41,98.09,603
31.29,324.97,143.09,46.45,8.07,95.79,509
29.77,409.95,186.25,17.81,90.29,96.98,656
27.74,354.66,98.59,19.16,125.81,97.9,510
16.34,364.92,36.11,86.7,125.58,95.81,551
12.41,308.22,81.68,95.77,85.64,96.53,590
14.94,397.42,32.03,87.77,124.33,95.75,635
29.56,300.85,173.1,60.24,114.52,97.86,502
29.58,404.96,71.89,18.78,5.75,96.27,464
39.35,337.38,48.8,54.61,142.3,97.95,538
30.08,327.15,76.66,44.3,114.94,96.28,613
42.76,389.09,98.82,89.24,57.08,97.19,641
24.04,360.03,96.84,69.06,59.22,100.37,566
25.12,343.11,83.17,78.97,148.99,100.06,449
25.61,341.28,52.49,26.82,143.6,97.85,560
13.85,346.07,80.8,56.22,147.11,100.7,406
33.65,360.27,99.9,38.31,104.17,95.38,582
21.1,406.92,49.34,97.08,147.7,98.27,568
17.01,339.22,27.06,81.75,57.8,96.21,601
11.53,345.92,5.88,20.48,92.67,100.41,520
16.92,300.18,179.82,86.15,14.68,95.85,697
18.2,411.4,79.48,82.66,68.19,97.07,581
19.43,369.94,142.25,84.44,103.19,98.61,452
30.86,311.05,189.31,74.34,44.57,98.91,463
23.26,368.78,133.71,28.15,78.66,95.47,552
13.69,409.33,29.29,90.39,73.12,97.47,529
23.2,367.8,70.44,83.98,38.87,96.22,647
26.82,412.21,9.66,75.11,5.87,97.15,577
25.03,330.39,97.64,30.54,46.11,98.63,469
30.98,411.55,193.93,57.01,17.7,96.5,498
43.12,318.61,12.15,88.3,121.75,99.28,507
26.4,381.33,85.24,27.28,61.68,99.4,563
41.07,381.85,106.58,75.15,31.56,100.21,349
34.94,371.34,89.64,67.02,94.56,100.05,461
25.45,329.16,181.47,85.92,85.59,95.83,586
11.52,316.1,91.43,70.68,37.48,98.75,596
24.89,377.49,197.73,89.69,54.03,98.74,454
15.71,366.88,74.52,49.43,68.64,98.6,573
15.13,390.5,151.57,95.85,62.14,97.39,509
28.92,407.05,142.32,11.92,35.06,99.72,402
24.4,325.26,5.81,99.64,24.78,98.45,476
27.14,345.62,109.75,17.05,145.65,97.54,623
36.5,337.45,150.28,79.06,39.67,100.38,496
10.98,403.63,104.97,23.8,42.47,98.12,526
17.68,346.09,103.83,40.58,124.5,96.13,709
13.11,318.57,127.25,60.72,14.18,100.5,435
35.52,302.92,89.68,69.8,144.51,99.1,529
40.98,314.27,88.81,12.86,44.44,96.83,546
38.11,322.75,165.78,58.77,54.12,97.82,602
15.65,359.45,9.28,87.67,53.08,96.56,668
24.62,394.88,18.19,61.35,80.5,99.66,505
30.52,358.23,106.44,80.37,55.36,97.83,502
34.28,415.42,82.81,64.79,113.07,96.56,395
19.42,416.74,72.96,99.99,128.58,95.76,687
19.69,379.73,155.07,17.5,123.8,96.3,440
34.72,414.02,11.85,65.05,47.4,95.13,582
27.94,341.56,92.57,47.32,82.13,96.89,415
12.81,417.53,199.36,25.67,39.95,97.04,569
39.24,376.61,57.51,88.38,100.88,96.31,577
29.17,417.51,14.44,73.76,128.16,98.55,587
37.51,350.23,118.57,32.81,50.35,99.24,581
27.13,353.86,28.96,43.7,80.5,95.77,626
18.35,337.0,165.77,91.37,144.24,94.46,583
36.39,363.06,29.29,32.19,45.85,96.79,441
12.04,385.1,171.55,42.16,41.14,95.68,633
20.53,317.44,112.58,32.54,8.95,95.74,633
40.92,413.23,52.45,60.4,132.75,97.82,498
15.88,329.75,197.59,36.94,130.82,99.09,517
37.65,401.69,17.16,25.1,78.3,95.58,514
28.66,359.18,29.72,17.74,6.69,99.25,652
44.43,389.48,92.82,34.82,64.81,96.36,666
23.87,387.14,179.04,24.19,40.19,95.54,724
27.89,308.04,92.02,50.55,117.8,98.84,562
14.71,375.23,104.39,11.21,26.42,98.26,439
27.56,382.59,31.06,53.15,111.45,99.25,633
16.99,347.63,97.34,49.63,73.94,96.02,647
22.22,376.54,79.24,62.09,105.85,97.24,445
33.61,390.86,169.44,26.99,36.38,97.31,458
28.11,408.01,156.63,55.57,124.82,97.07,566
21.96,352.01,93.96,68.55,12.56,98.58,600
12.41,324.15,25.13,33.07,120.12,94.2,631
40.58,412.75,41.08,25.62,145.04,96.34,594
44.68,301.98,123.48,93.56,125.53,96.03,591
38.77,347.17,102.46,42.7,56.43,97.65,577
36.88,301.71,108.68,41.75,35.25,99.68,416
16.89,322.14,39.87,69.23,93.7,97.17,448
40.14,408.71,15.56,90.77,9.55,98.02,475
42.58,360.3,86.77,39.86,137.84,99.68,438
21.87,316.58,195.91,69.13,44.79,99.97,436
31.31,339.67,179.68,17.01,121.6,95.06,659
35.02,372.96,87.15,24.31,138.94,98.69,561
34.02,397.55,155.98,20.12,117.14,99.11,520
34.03,312.0,154.05,33.6,118.84,97.88,484
27.82,364.32,19.57,13.68,7.15,98.71,552
23.48,417.32,177.76,38.2,123.87,94.56,659
23.72,369.5,197.32,14.38,64.8,99.56,590
23.98,367.23,142.15,46.6,134.35,99.76,520
44.48,306.57,168.18,89.05,26.08,99.67,536
43.44,399.69,117.43,35.9,41.64,96.43,618
10.31,376.36,15.05,79.65,15.17,94.06,626
39.14,360.88,187.97,20.31,53.17,98.43,640
21.32,317.44,117.78,15.63,59.09,95.5,578
28.75,310.12,66.53,44.53,63.48,96.85,638
24.91,308.88,47.77,67.99,125.17,97.03,587
15.46,346.09,115.22,69.78,81.03,97.34,584
22.33,379.87,146.74,46.19,123.16,98.4,595
22.08,393.26,12.33,44.55,146.69,95.98,562
27.93,329.97,20.0,19.99,68.11,97.63,489
13.91,304.83,74.95,94.82,31.07,95.53,591
26.91,409.7,189.66,10.12,98.94,95.32,561
41.05,382.01,170.21,80.6,28.3,94.15,564
35.86,363.11,199.58,24.84,60.86,95.61,659
41.98,384.86,199.77,63.98,146.54,94.91,579
25.46,369.41,195.77,61.11,130.46,97.63,499
22.9,335.43,46.22,96.63,82.79,99.05,519
40.97,413.08,51.44,40.4,96.81,95.77,668
29.26,364.38,143.54,20.33,138.68,96.71,661
34.21,372.04,123.02,73.89,17.88,96.8,594
27.91,342.47,84.31,75.78,11.28,99.55,569
31.14,319.63,113.66,17.28,77.71,97.93,506
33.58,412.23,175.36,44.68,130.19,94.48,663
12.06,417.98,153.77,65.35,86.02,95.63,703
26.86,326.45,136.9,75.36,149.35,98.51,467
13.19,418.79,171.63,62.43,52.99,98.16,523
29.72,302.42,158.8,84.12,110.87,94.3,627
30.58,346.97,30.04,90.29,141.63,99.27,400
16.92,335.46,182.2,63.13,37.77,94.51,613
17.99,359.52,64.18,76.1,44.34,94.19,716
44.09,321.84,174.73,11.55,82.98,96.59,532
14.42,397.81,57.82,90.86,106.41,98.81,600
35.78,300.49,32.97,28.64,88.73,93.71,578
14.45,358.2,13.01,38.69,36.9,94.73,581
18.1,377.9,148.13,70.78,32.37,95.77,718
19.53,364.64,193.96,29.61,85.09,94.05,543
41.8,311.42,171.24,74.41,138.1,96.41,694
24.79,407.54,109.55,78.52,30.76,94.05,599
27.92,341.32,173.2,76.2,60.67,94.39,659
34.84,364.93,34.63,13.13,94.42,96.72,526
26.4,346.97,22.11,58.18,22.63,97.65,530
36.23,320.15,44.29,31.66,91.78,96.04,656
28.4,326.22,22.72,93.22,19.45,94.37,591
16.84,369.22,129.61,48.85,62.26,97.43,556
32.4,372.34,10.63,41.08,116.48,94.81,737
32.56,416.97,90.91,56.62,35.75,93.6,665
31.15,400.31,61.55,39.61,109.49,97.54,629
35.01,405.27,22.29,21.2,76.97,97.22,544
14.76,410.57,51.81,11.6,46.02,96.63,548
32.17,388.71,33.39,55.71,51.43,97.87,483
16.71,419.36,106.68,48.15,110.22,95.78,690
11.24,352.91,61.12,69.51,81.37,98.48,503
15.2,368.71,56.65,29.04,141.56,94.33,644
42.06,364.35,187.7,85.51,48.34,96.3,641
42.44,312.12,52.9,13.85,129.82,97.57,590
30.63,355.88,55.71,62.73,106.89,98.22,588
33.76,369.74,146.91,56.6,143.42,97.35,637
31.98,301.58,32.99,64.1,116.2,94.31,619
36.71,398.54,126.02,16.11,45.52,95.05,597
26.37,393.61,117.77,99.28,107.7,94.27,663
21.65,376.47,81.14,12.0,47.99,94.86,625
37.17,371.11,33.08,88.53,35.88,95.32,689
24.73,362.31,195.94,73.97,108.78,97.32,494
44.59,410.88,63.16,50.06,97.17,94.8,551
20.72,344.15,92.74,44.77,98.28,93.68,554
37.19,334.24,126.29,48.15,93.64,96.77,545
10.26,312.84,80.05,33.14,75.3,96.17,591
28.04,315.93,101.99,95.54,29.94,93.43,614
40.13,313.11,11.08,37.91,95.19,98.85,608
21.56,393.52,29.87,67.69,41.24,97.89,607
34.05,342.48,170.57,46.91,89.69,99.23,485
29.52,354.34,23.73,95.47,81.11,97.5,537
32.3,311.6,16.17,85.68,92.11,95.1,586
28.44,366.95,137.17,10.01,25.95,93.84,655
16.94,344.94,135.54,51.51,84.15,98.9,461
24.01,312.39,25.89,75.22,50.31,93.95,673
13.58,373.98,149.4,32.13,126.32,97.35,442
25.56,319.89,55.28,84.65,29.33,97.47,493
10.57,314.72,65.41,66.73,60.31,94.77,597
23.43,355.57,120.94,60.38,58.36,95.77,633
43.97,372.3,60.24,56.18,73.57,98.33,466
35.81,405.67,144.98,32.79,44.56,94.18,738
21.32,302.79,97.48,80.95,106.93,97.24,480
10.74,312.23,147.2,83.67,31.42,98.08,625
29.31,303.95,85.72,52.03,143.25,95.82,579
10.42,368.05,18.28,99.28,100.66,97.47,513
24.17,333.47,20.35,12.05,74.19,97.61,425
35.87,300.34,125.25,84.86,130.71,97.76,474
34.55,307.7,12.58,41.15,98.29,95.42,660
32.57,391.38,155.42,35.49,145.9,96.44,529
33.57,318.48,136.54,48.84,145.46,97.39,503
44.09,418.93,167.63,62.76,92.1,95.92,559
41.97,377.56,38.14,13.35,68.68,95.74,652
12.3,327.21,69.62,43.91,95.61,94.02,680
12.42,311.95,188.92,12.88,99.1,94.14,583
32.9,418.51,184.05,49.35,67.57,94.8,489
11.33,357.46,179.67,19.6,21.92,97.94,606
19.9,395.75,63.85,12.91,123.88,95.03,603
32.78,399.47,47.85,93.99,96.87,96.32,597
17.2,405.13,87.67,13.84,139.24,95.23,613
11.16,305.17,175.62,88.11,73.11,93.5,682
14.87,413.7,114.34,81.6,16.14,93.39,670
38.72,412.13,89.4,20.36,109.06,95.66,579
27.55,406.56,110.27,22.44,59.01,98.08,523
27.73,304.21,176.46,32.33,110.73,98.94,524
41.37,363.44,68.21,72.89,84.26,98.41,544
15.34,348.61,156.59,42.79,46.13,95.07,715
23.08,300.96,32.91,76.65,105.45,96.85,598
27.13,358.07,29.53,96.92,123.51,98.16,568
16.03,378.78,163.58,39.12,147.88,93.49,671
18.8,322.74,27.57,70.38,40.23,97.71,524
36.93,414.89,156.06,99.1,85.81,93.09,643
43.82,350.54,57.68,81.98,138.37,93.17,723
44.33,386.72,199.17,68.37,6.13,96.95,602
42.62,403.29,143.19,32.81,139.36,97.81,732
32.19,320.51,43.85,61.02,91.03,95.31,652
19.03,303.61,123.32,39.65,134.03,94.26,560
29.2,323.75,193.51,67.86,114.2,98.19,472
25.74,374.29,70.28,83.98,57.96,97.46,585
10.58,343.64,98.58,91.09,109.74,97.22,485
35.37,375.78,184.57,78.78,7.14,98.02,451
16.59,389.81,85.61,45.31,27.31,95.37,728
35.79,377.15,46.86,15.69,140.24,98.24,543
10.08,409.33,151.03,18.89,27.36,93.84,648
24.74,364.62,87.75,51.77,41.37,94.66,762
18.84,334.19,123.54,12.1,140.91,95.84,541
35.59,391.36,145.86,96.89,65.1,93.26,667
37.94,385.5,9.96,54.35,122.42,98.43,499
25.57,389.29,142.17,52.74,31.83,96.25,648
10.87,342.69,65.03,16.0,19.12,97.45,533
42.69,337.88,90.84,72.53,27.41,97.4,574
39.59,358.95,143.34,75.1,148.82,97.35,520
23.78,364.21,179.67,18.66,134.66,95.71,662
15.09,412.07,42.94,12.43,73.28,96.12,677
29.71,367.58,20.79,42.11,23.93,95.48,639
22.97,339.58,176.95,66.18,20.96,96.6,642
36.97,378.86,97.64,46.41,36.02,95.16,619
19.34,358.36,135.53,89.82,26.09,97.5,568
16.72,308.6,31.69,38.97,47.25,97.49,478
22.03,319.47,195.27,73.44,121.48,95.6,675
25.57,338.17,22.06,38.45,44.49,94.75,676
34.97,314.0,78.87,78.3,49.9,97.74,582
32.74,376.73,38.1,60.2,73.91,94.03,619
34.95,407.45,179.81,19.52,59.93,93.12,585
34.74,306.92,27.04,66.89,126.07,96.22,614
13.29,309.82,118.22,29.52,113.41,94.37,700
28.59,384.32,153.99,66.4,98.79,94.97,510
41.25,321.26,36.56,75.19,35.66,95.66,654
35.75,404.29,133.44,18.17,79.87,97.31,534
44.92,355.04,15.97,41.42,77.43,98.1,669
25.4,311.94,151.57,20.9,24.43,93.93,704
29.15,379.24,172.77,63.08,97.44,95.39,526
19.45,335.52,126.48,65.96,31.13,93.66,656
29.2,399.99,65.8,25.66,12.04,95.66,527
29.13,379.07,174.68,38.57,120.43,93.83,639
21.58,359.33,106.33,76.39,8.78,96.89,578
29.67,302.25,31.97,88.41,12.97,97.89,549
33.36,391.91,136.67,78.25,111.13,97.81,517
32.73,363.62,137.31,43.13,65.72,94.78,675
11.39,388.42,115.95,89.74,112.0,94.91,630
32.26,411.74,178.86,38.48,45.68,94.18,624
41.03,341.07,85.6,39.67,43.6,97.62,489
24.05,340.24,83.7,90.54,45.65,96.57,611
17.49,409.11,96.05,36.89,67.14,96.82,647
14.54,416.08,98.08,95.6,29.77,98.02,463
16.75,404.33,57.78,85.69,28.75,97.49,546
42.79,352.08,40.82,85.93,12.89,92.58,659
35.8,310.78,150.55,18.5,141.25,93.16,591
22.82,311.5,100.22,40.21,134.19,93.55,627
17.83,371.66,91.58,35.83,25.35,97.36,673
42.92,315.63,185.3,33.91,119.91,94.26,716
25.6,385.26,111.52,77.91,62.46,92.67,614
38.08,411.14,119.89,39.54,74.85,95.25,722
18.58,404.55,16.52,39.84,146.83,95.64,615
38.41,375.06,172.0,76.12,149.98,94.3,640
36.04,401.35,140.19,81.21,123.78,93.89,640
10.83,408.61,163.16,21.86,123.7,94.23,704
31.24,358.7,91.71,64.81,136.57,94.72,747
43.32,396.86,35.55,47.91,114.75,97.41,584
40.45,410.84,130.11,22.48,65.92,97.98,644
22.59,370.91,163.62,18.36,21.29,95.08,726
41.65,416.43,132.59,27.23,120.05,94.46,631
25.5,362.3,194.24,13.45,131.66,94.79,710
39.6,405.13,148.69,52.64,80.65,95.76,530
39.92,340.43,191.13,60.64,47.58,93.15,729
35.42,333.73,162.73,95.23,56.11,94.43,624
44.95,399.33,173.69,12.49,143.1,97.09,616
38.81,411.19,85.28,16.92,87.57,95.35,637
44.48,385.95,159.86,79.55,122.52,93.09,769
31.2,373.0,175.44,49.41,42.72,95.34,605
11.71,322.57,101.05,69.27,80.54,95.56,611
44.72,310.52,77.68,59.08,119.64,97.4,501
41.3,395.04,118.25,11.1,64.83,92.52,626
43.7,399.2,72.46,19.04,86.79,94.19,626
30.89,398.2,6.65,31.01,67.44,94.86,515
38.45,321.06,116.71,58.41,98.94,92.14,721
23.77,371.73,148.13,68.58,20.59,97.24,576
23.81,397.96,38.38,44.23,102.21,95.82,469
38.4,371.5,137.14,47.37,79.37,95.81,588
39.31,324.0,94.26,26.56,33.59,92.23,768
21.55,336.57,33.06,61.87,65.19,92.34,760
23.39,396.91,152.57,97.73,129.33,94.99,652
24.35,346.46,114.22,49.83,95.33,96.87,476
42.16,377.2,107.34,29.42,62.94,93.33,656
15.36,319.83,10.49,20.24,94.78,95.8,530
28.49,394.73,111.57,33.08,116.01,94.16,686
25.57,373.57,157.0,87.53,117.27,96.46,600
30.63,323.18,134.9,72.49,43.87,94.17,591
34.4,343.1,42.98,40.65,39.97,96.91,767
16.58,345.41,109.31,32.63,29.49,97.69,569
28.68,305.25,89.58,19.86,121.66,93.12,664
20.52,310.3,193.8,55.01,66.22,95.22,665
20.05,401.63,149.14,36.52,75.48,93.66,755
42.91,401.88,110.1,72.08,16.26,96.68,553
21.47,406.7,25.14,98.79,72.22,95.63,646
27.73,307.52,154.32,46.09,74.91,96.79,567
11.6,382.8,17.94,63.41,14.88,92.53,717
23.79,335.03,25.91,94.77,142.24,97.62,690
29.81,348.51,149.66,57.14,37.96,96.48,571
15.71,378.21,190.2,58.18,26.09,93.97,587
15.22,371.78,176.6,97.45,31.3,95.76,601
10.76,317.98,105.11,64.58,40.94,96.21,718
13.64,382.0,106.98,72.83,140.34,93.51,562
40.85,310.87,13.06,93.26,42.54,96.04,614
21.91,386.76,150.24,91.21,121.49,94.47,716
14.46,380.57,90.65,73.79,148.29,93.77,604
21.25,329.1,73.81,42.58,56.97,97.44,583
23.13,302.09,193.15,62.29,49.69,96.5,704
14.16,302.9,32.96,85.17,12.36,97.21,585
20.21,323.64,132.73,31.82,86.96,96.3,566
32.17,375.46,9.04,51.48,96.75,94.0,604
15.61,409.52,7.12,87.87,29.17,97.65,581
36.87,380.14,173.6,54.68,50.25,96.43,575
35.77,364.37,197.15,79.25,77.09,97.23,453
11.75,315.59,46.52,30.89,25.36,91.92,697
29.59,370.8,146.67,65.34,70.71,94.36,723
32.26,375.09,192.53,73.29,35.56,95.31,624
29.39,380.74,120.99,78.17,71.41,95.04,665
33.19,388.55,165.13,61.6,146.26,97.41,543
27.98,354.27,25.13,62.84,50.1,95.75,580
36.01,397.13,169.01,99.63,52.72,95.14,503
29.5,368.51,135.22,94.32,7.65,93.46,593
41.74,359.96,51.12,87.15,79.63,96.3,609
19.24,413.4,83.27,50.22,74.13,93.57,664
31.12,372.11,62.41,40.76,18.22,93.88,574
19.18,341.84,126.82,71.65,113.53,92.89,742
26.33,357.09,21.19,71.84,30.01,91.86,847
18.78,415.94,69.83,15.13,102.19,92.58,670
28.92,336.34,185.33,78.21,95.89,91.98,767
38.63,399.5,162.63,84.8,30.2,96.91,564
10.06,318.93,72.78,31.0,131.75,91.8,750
25.58,345.46,173.63,85.19,52.04,95.57,566
34.38,355.83,140.63,76.42,86.49,93.08,684
14.8,301.26,87.51,69.45,124.87,93.19,732
21.85,340.13,14.22,56.79,69.12,95.71,635
33.74,345.91,13.31,97.44,34.43,95.89,589
35.66,416.69,34.19,74.38,87.95,94.69,627
25.17,353.6,38.53,42.46,102.94,96.53,579
18.02,300.66,172.36,78.97,142.28,92.24,610
44.09,339.61,114.94,11.74,120.19,97.03,607
14.88,365.73,84.45,11.69,46.79,96.08,586
36.75,328.47,184.27,43.08,116.6,93.45,753
22.98,307.77,41.61,95.24,88.4,96.19,587
17.45,362.92,122.06,94.51,78.31,96.92,543
31.88,311.53,37.27,32.99,43.03,92.48,760
24.65,311.69,34.19,87.01,31.0,94.05,742
19.38,379.5,164.77,47.26,35.0,92.3,744
26.09,371.35,133.48,62.8,40.41,91.35,758
43.91,368.11,196.06,85.7,149.42,93.07,722
34.15,351.71,174.85,65.2,63.57,96.98,613
24.88,348.39,83.98,37.9,29.27,96.29,533
14.27,374.75,36.04,88.11,38.03,92.05,828
37.6,337.63,173.58,55.72,36.76,94.7,647
11.0,383.48,57.89,43.64,130.1,95.02,666
10.23,402.24,123.78,21.98,41.76,96.95,565
30.2,366.45,155.32,91.12,61.58,96.21,696
26.81,407.12,165.55,52.27,109.1,92.06,588
36.06,347.55,166.44,41.05,120.64,92.98,615
44.87,328.93,169.2,82.71,142.28,95.39,615
27.38,413.01,12.36,91.7,112.6,92.43,657
13.63,332.44,34.38,28.84,23.91,93.29,783
40.56,371.16,36.04,19.43,149.71,92.71,673
19.77,413.35,77.36,47.23,53.48,94.76,668
28.36,331.28,26.0,59.92,85.82,91.52,677
26.94,338.11,135.53,82.11,22.3,93.7,710
33.37,371.11,175.12,88.34,84.1,96.49,599
10.32,346.38,76.18,12.54,122.51,94.25,611
44.16,400.02,162.53,45.91,141.8,95.42,674
17.39,377.1,83.48,13.69,135.43,96.65,630
32.29,324.94,85.28,72.52,21.8,92.36,808
36.42,316.49,50.95,69.15,146.19,92.4,765
39.69,352.23,172.21,11.03,80.73,93.61,695
13.56,390.39,75.78,89.34,130.27,97.07,424
27.83,359.85,46.35,14.6,136.29,91.73,681
11.31,339.34,27.33,35.47,148.95,92.51,698
37.58,394.67,17.66,45.24,26.63,93.01,697
35.0,306.5,97.94,59.66,66.53,92.54,710
31.81,311.68,39.06,36.58,70.13,92.25,666
26.76,396.59,135.47,64.24,125.69,93.45,626
25.05,346.87,30.52,63.69,76.08,95.81,561
40.07,333.18,64.59,88.25,147.09,92.28,658
17.87,369.52,9.76,83.35,66.83,95.39,720
29.19,302.63,14.41,46.63,95.37,93.71,674
32.53,408.05,79.49,47.87,120.3,91.24,707
32.88,380.91,134.48,65.84,113.17,91.05,742
32.06,375.65,167.68,77.89,9.99,94.51,595
13.79,314.59,35.32,31.52,75.05,94.58,661
19.1,324.49,106.8,53.92,15.9,92.31,582
26.04,329.55,175.38,99.84,27.54,96.16,682
27.18,330.76,163.38,59.45,85.1,95.1,550
35.96,397.06,14.4,37.6,89.53,94.91,686
30.87,396.35,69.76,67.6,82.28,95.95,578
18.31,410.97,192.77,37.33,130.09,93.5,733
20.22,345.67,149.94,98.55,125.4,95.94,588
18.49,413.14,36.95,29.15,120.08,96.07,635
18.57,362.73,76.09,87.68,89.87,93.72,582
32.36,396.98,163.23,33.85,61.59,92.04,541
31.14,394.41,86.11,39.98,66.91,95.17,752
33.14,368.71,7.77,17.76,26.89,94.53,671
29.57,319.7,172.58,39.9,25.26,92.57,686
32.33,332.33,125.95,32.18,6.92,95.11,552
25.46,336.19,107.59,44.29,122.1,96.62,574
32.88,301.11,82.9,18.25,130.21,90.95,712
33.73,355.46,104.28,33.3,59.67,93.38,599
39.22,375.7,172.76,56.41,80.92,94.54,657
34.92,388.16,114.03,45.99,45.21,95.18,760
44.64,407.61,178.01,96.16,92.14,95.76,660
16.49,355.08,9.47,41.89,68.07,91.78,696
15.62,389.93,182.45,93.27,130.69,91.92,665
31.18,363.83,14.98,30.7,87.99,95.87,606
25.92,414.44,124.22,35.11,53.0,92.96,566
14.58,377.19,109.66,84.12,19.12,91.62,687
18.79,342.24,74.02,55.69,112.26,93.81,690
41.19,307.58,132.98,69.52,140.16,94.13,630
12.59,311.96,93.85,66.47,60.37,91.78,640
40.38,414.97,72.12,35.06,25.46,96.5,518
20.98,396.07,41.76,69.94,102.16,96.27,562
39.17,353.34,146.06,55.63,24.79,93.88,626
29.45,331.82,105.12,72.56,46.25,91.42,579
16.75,336.06,45.37,36.49,11.11,93.24,665
15.83,312.39,86.71,88.7,43.98,93.02,666
22.4,318.62,22.8,29.35,11.08,92.96,678
44.62,360.49,152.49,61.12,87.32,95.28,569
37.46,324.64,36.33,26.58,38.57,91.05,730
32.06,303.31,124.86,73.91,134.27,94.5,697
29.86,335.77,79.53,65.19,121.41,92.65,654
31.67,305.32,24.72,69.3,129.33,92.41,640
35.92,392.64,18.27,70.35,68.1,91.74,737
33.7,348.64,97.19,24.49,148.43,93.68,764
12.59,349.54,176.2,38.81,111.23,91.0,734
25.94,323.15,100.41,81.59,12.4,92.01,617
20.21,335.33,135.28,93.66,90.56,94.44,571
35.24,382.09,76.5,53.18,15.14,92.34,694
36.34,417.74,95.36,49.82,25.99,94.62,651
32.67,325.1,31.41,69.87,46.48,90.96,711
35.54,404.72,118.96,79.06,105.18,93.69,584
19.72,300.62,130.16,91.06,56.03,93.07,694
34.55,303.93,53.49,79.34,99.53,90.72,674
14.1,412.86,38.9,64.53,14.72,91.94,758
15.09,391.45,195.99,90.27,36.47,94.26,716
12.15,353.89,69.72,68.14,13.95,94.36,592
11.68,306.74,49.53,87.7,116.35,91.98,747
42.66,366.68,20.61,75.26,96.19,95.47,616
44.3,401.63,137.32,88.96,95.0,91.65,658
18.68,322.24,18.14,35.67,132.12,93.42,659
28.55,313.31,191.67,20.85,144.95,91.48,848
11.09,332.63,133.57,61.54,111.22,92.24,737
36.33,306.63,11.46,31.01,124.96,91.01,711
43.98,310.96,54.89,15.19,115.5,92.87,535
19.27,408.2,120.24,97.84,103.73,90.98,745
22.66,394.61,183.94,14.86,64.26,95.96,623
37.97,333.58,179.99,22.4,53.64,91.53,645
12.55,321.12,125.6,85.61,17.87,96.03,633
27.53,392.98,16.41,42.16,71.97,93.67,727
41.98,416.13,179.36,41.64,130.82,92.15,679
35.15,383.65,122.44,91.01,120.21,95.14,510
35.52,337.87,87.32,31.51,128.38,92.49,745
23.13,346.54,114.07,35.39,123.84,94.26,649
23.18,324.9,42.7,40.33,128.64,92.5,665
12.21,401.73,158.35,59.37,11.73,91.14,682
20.5,392.1,193.65,48.48,29.79,92.92,725
14.83,355.68,84.8,98.4,56.09,90.93,811
34.37,339.06,44.68,74.12,46.98,93.88,613
13.28,352.55,128.96,59.55,97.62,91.56,689
12.66,324.85,131.3,81.56,91.76,92.31,698
10.26,383.37,170.8,10.87,94.5,92.23,611
25.18,365.95,140.17,69.4,73.99,93.37,717
32.57,301.61,9.52,51.9,107.57,95.85,515
42.23,311.94,29.85,52.9,87.24,91.95,686
23.52,404.35,108.6,61.58,139.6,93.69,621
16.69,360.64,13.84,55.82,132.72,92.44,697
39.35,390.18,163.63,40.42,93.41,94.02,679
33.52,386.51,12.92,53.67,74.55,92.64,705
36.71,416.48,11.1,93.66,111.78,92.37,698
28.72,413.83,195.03,80.09,132.31,94.22,724
37.49,364.02,141.68,49.32,138.64,95.55,657
17.6,373.98,77.08,45.7,116.98,94.11,646
39.88,397.0,100.52,19.4,66.22,94.78,553
23.97,398.15,153.03,70.44,6.03,95.58,696
22.84,311.1,7.47,87.48,65.68,93.54,801
32.04,387.78,130.46,47.74,21.82,91.25,705
20.43,325.69,186.68,28.45,39.14,94.18,729
20.26,397.82,35.49,68.41,76.65,94.5,621
27.01,374.56,5.59,85.92,110.07,91.17,892
31.99,400.31,198.01,37.45,31.82,91.91,642
43.84,335.5,92.93,86.6,30.73,92.68,677
43.63,352.48,17.03,90.35,129.32,92.01,762
11.71,359.33,129.96,49.49,14.77,90.5,736
32.74,335.48,90.09,40.72,99.97,92.66,609
13.9,381.45,194.84,47.12,9.77,93.17,634
41.48,414.08,96.72,55.35,66.72,94.02,606
12.06,336.62,160.98,27.52,83.05,91.2,765
29.22,331.48,71.25,50.64,110.75,90.79,770
30.59,371.74,194.91,64.49,63.94,92.77,624
33.59,335.25,53.08,98.04,141.52,94.31,593
44.35,419.2,57.8,41.09,138.59,94.16,708
16.78,324.67,124.68,28.77,60.28,90.83,814
34.13,373.82,181.9,18.59,147.99,91.69,762
43.16,334.83,101.01,34.79,103.11,92.06,708
42.36,313.1,127.18,98.87,58.53,93.03,679
26.63,402.58,176.64,57.41,120.72,93.01,641
33.86,397.23,19.84,18.41,11.49,95.19,633
22.46,346.76,72.96,88.05,20.32,94.24,713
27.61,370.28,96.65,79.68,83.74,92.24,640
29.34,329.29,195.56,87.42,53.86,92.96,709
32.7,359.2,38.66,67.94,101.72,93.28,601
44.23,311.75,177.64,10.17,115.0,92.51,678
28.63,306.14,191.27,26.28,124.86,95.72,671
15.33,371.1,136.82,93.62,104.49,90.7,676
11.33,396.91,73.71,40.22,55.7,95.26,673
26.99,418.12,117.78,89.95,145.29,93.32,576
30.76,415.58,10.9,58.46,22.18,94.61,705
20.46,408.14,25.03,81.01,11.03,94.35,610
36.72,394.92,134.26,26.4,124.28,91.02,764
39.48,364.57,7.65,93.08,87.26,92.35,617
26.0,367.92,157.48,38.47,67.15,90.8,626
11.49,401.71,36.1,24.71,35.72,94.09,660
34.03,401.74,41.86,91.38,28.38,90.6,687
36.59,381.07,16.63,19.88,81.14,90.25,769
29.67,386.25,125.66,10.85,140.72,91.15,650
44.21,337.1,133.24,85.46,86.86,90.95,745
19.73,315.69,147.74,54.58,52.75,95.11,631
31.72,347.25,78.94,63.03,93.33,89.71,786
13.44,305.71,11.61,29.02,137.0,90.04,776
23.25,379.89,45.37,72.04,15.84,91.69,781
24.96,373.7,8.42,12.89,21.69,93.17,585
25.67,300.9,52.92,93.88,125.74,94.06,682
21.07,386.58,58.93,12.98,61.69,93.7,664
21.06,374.96,25.53,17.96,121.16,93.12,850
13.72,346.99,127.48,82.36,68.56,92.27,750
37.0,365.82,140.0,82.62,125.89,90.62,678
34.66,385.64,89.47,37.33,34.99,95.15,567
32.37,337.17,157.54,87.91,123.29,92.75,556
27.47,398.34,142.78,17.53,115.08,94.39,597
25.84,359.64,165.96,54.61,130.38,92.02,698
16.22,349.18,160.87,64.86,137.41,93.72,612
35.16,365.34,174.04,92.86,139.35,90.81,601
27.49,376.64,14.72,47.21,92.68,94.48,688
21.04,319.58,68.42,99.22,76.14,89.87,767
37.5,418.3,184.7,64.9,63.35,94.35,607
33.25,357.05,141.26,28.54,47.07,91.24,702
20.16,384.42,73.44,69.89,7.22,89.55,630
11.65,310.29,199.97,37.99,15.72,89.77,782
12.8,326.87,119.67,13.11,126.82,95.03,567
31.29,302.86,166.58,97.76,111.35,93.74,754
24.15,402.64,10.06,42.03,125.18,90.38,747
11.02,406.43,155.22,58.95,127.49,90.26,761
44.48,386.65,164.65,33.19,7.78,93.01,674
15.22,326.9,124.55,83.34,48.06,91.68,570
34.38,309.36,97.93,34.12,9.87,91.51,674
29.79,328.01,64.88,57.21,148.34,90.95,847
23.22,313.44,20.01,27.74,99.17,93.41,714
19.6,344.58,189.31,57.18,98.68,93.5,561
42.3,349.22,156.15,50.01,54.6,93.7,618
30.57,312.64,183.44,12.84,15.34,93.45,629
37.47,412.06,87.43,94.68,77.86,89.81,734
40.84,307.16,110.73,59.49,130.53,91.48,780
26.59,379.75,49.17,67.24,70.17,90.68,733
33.73,334.02,80.29,96.93,55.1,92.78,760
25.99,349.77,50.05,43.63,125.32,91.94,850
19.08,315.59,142.74,13.25,33.33,90.96,722
18.32,355.05,190.71,53.84,51.54,90.28,738
17.73,364.58,173.84,43.57,53.24,91.05,723
40.23,361.68,180.29,70.67,42.21,91.5,730
42.52,370.28,165.21,30.5,86.26,92.41,700
14.46,397.56,188.38,92.95,30.0,92.66,853
27.39,406.32,173.03,89.05,103.4,94.77,563
33.83,314.38,45.97,29.86,27.47,92.24,676
22.01,316.2,98.25,89.95,79.25,93.71,704
23.62,418.96,72.9,37.63,103.38,93.32,623
17.38,373.81,54.83,56.99,12.28,92.0,743
40.27,349.5,121.49,25.67,7.22,90.61,784
19.55,415.96,143.15,86.26,19.88,91.53,810
21.58,324.67,184.63,80.5,28.81,92.7,708
38.84,364.19,148.7,83.14,19.14,93.74,603
25.84,401.33,31.63,37.33,82.53,92.98,626
42.6,340.25,18.18,42.7,7.11,89.93,827
33.26,333.18,29.78,92.09,28.47,91.09,603
36.44,370.8,195.84,56.3,33.26,91.96,700
23.05,347.36,101.64,83.93,84.22,93.24,697
35.47,394.95,126.12,75.92,50.83,89.6,748
