cell_id,cycle,temperature_C,voltage_V,current_A,capacity_Ah,remaining_capacity_pct,internal_resistance_mOhm,timestamp
cell_1,1,31.79,4.149,5.719,64.16,99.314,48.998,2024-01-02T00:00:00
cell_1,2,36.02,4.1,28.625,64.16,99.989,49.027,2024-01-03T00:00:00
cell_1,3,23.72,3.844,54.222,64.16,100.303,51.36,2024-01-04T00:00:00
cell_1,4,26.6,3.351,57.259,64.16,99.27,49.876,2024-01-05T00:00:00
cell_1,5,18.68,3.628,11.257,64.16,99.778,50.669,2024-01-06T00:00:00
cell_1,6,16.59,3.479,30.761,64.16,100.021,51.804,2024-01-07T00:00:00
cell_1,7,39.73,3.446,22.007,64.16,98.532,49.385,2024-01-08T00:00:00
cell_1,8,38.68,3.774,49.121,64.16,99.757,48.766,2024-01-09T00:00:00
cell_1,9,23.14,3.507,71.304,64.16,98.47,50.998,2024-01-10T00:00:00
cell_1,10,23.1,3.686,76.413,64.16,99.466,50.059,2024-01-11T00:00:00
cell_1,11,27.42,3.567,51.891,64.16,99.166,49.709,2024-01-12T00:00:00
cell_1,12,38.44,4.153,68.252,64.16,98.375,48.921,2024-01-13T00:00:00
cell_1,13,34.45,3.575,27.896,64.16,99.411,51.198,2024-01-14T00:00:00
cell_1,14,35.41,4.042,67.36,64.16,98.652,48.875,2024-01-15T00:00:00
cell_1,15,26.19,3.46,70.307,64.16,97.825,48.756,2024-01-16T00:00:00
cell_1,16,34.58,3.841,72.169,64.16,97.41,50.394,2024-01-17T00:00:00
cell_1,17,39.55,3.39,78.164,64.16,97.84,49.737,2024-01-18T00:00:00
cell_1,18,15.43,3.94,47.513,64.16,97.501,49.599,2024-01-19T00:00:00
cell_1,19,23.39,4.018,26.239,64.16,98.668,52.749,2024-01-20T00:00:00
cell_1,20,17.71,3.827,35.694,64.16,97.867,51.707,2024-01-21T00:00:00
cell_1,21,31.06,3.399,21.586,64.16,96.818,49.489,2024-01-22T00:00:00
cell_1,22,22.75,3.593,66.97,64.16,97.288,52.026,2024-01-23T00:00:00
cell_1,23,35.3,3.895,25.664,64.16,96.882,50.633,2024-01-24T00:00:00
cell_1,24,25.84,3.267,35.067,64.16,96.122,52.416,2024-01-25T00:00:00
cell_1,25,15.82,4.029,13.339,64.16,96.979,52.571,2024-01-26T00:00:00
cell_1,26,28.3,3.946,47.04,64.16,97.703,51.911,2024-01-27T00:00:00
cell_1,27,16.95,3.645,8.355,64.16,97.525,51.384,2024-01-28T00:00:00
cell_1,28,37.18,3.522,31.178,64.16,96.954,49.436,2024-01-29T00:00:00
cell_1,29,19.58,3.985,48.274,64.16,95.728,52.149,2024-01-30T00:00:00
cell_1,30,17.28,3.674,46.293,64.16,95.845,50.45,2024-01-31T00:00:00
cell_1,31,20.72,4.196,23.04,64.16,96.801,52.122,2024-02-01T00:00:00
cell_1,32,25.44,3.3,78.251,64.16,97.022,50.697,2024-02-02T00:00:00
cell_1,33,31.7,3.618,59.583,64.16,95.569,51.471,2024-02-03T00:00:00
cell_1,34,38.65,3.273,22.536,64.16,95.816,52.419,2024-02-04T00:00:00
cell_1,35,19.98,3.385,53.614,64.16,96.064,49.86,2024-02-05T00:00:00
cell_1,36,15.33,3.898,68.966,64.16,95.921,53.399,2024-02-06T00:00:00
cell_1,37,31.14,3.705,50.582,64.16,95.779,50.021,2024-02-07T00:00:00
cell_1,38,16.61,3.236,44.249,64.16,95.952,51.11,2024-02-08T00:00:00
cell_1,39,17.56,3.69,74.361,64.16,95.104,50.268,2024-02-09T00:00:00
cell_1,40,31.5,4.088,77.505,64.16,95.753,52.736,2024-02-10T00:00:00
cell_1,41,36.3,3.33,44.032,64.16,94.589,52.309,2024-02-11T00:00:00
cell_1,42,38.72,4.14,47.955,64.16,94.278,53.831,2024-02-12T00:00:00
cell_1,43,22.1,3.31,76.025,64.16,94.397,50.606,2024-02-13T00:00:00
cell_1,44,19.62,4.081,40.372,64.16,95.107,54.088,2024-02-14T00:00:00
cell_1,45,37.86,3.712,27.184,64.16,94.0,50.567,2024-02-15T00:00:00
cell_1,46,30.19,4.109,36.153,64.16,95.012,52.155,2024-02-16T00:00:00
cell_1,47,15.95,3.25,39.112,64.16,94.961,54.21,2024-02-17T00:00:00
cell_1,48,32.39,4.01,41.246,64.16,94.964,52.211,2024-02-18T00:00:00
cell_1,49,16.09,3.763,68.573,64.16,94.154,50.777,2024-02-19T00:00:00
cell_1,50,26.53,3.814,48.062,64.16,94.606,53.199,2024-02-20T00:00:00
cell_1,51,34.75,3.493,14.28,64.16,93.686,54.134,2024-02-21T00:00:00
cell_1,52,37.7,3.234,43.107,64.16,94.52,51.956,2024-02-22T00:00:00
cell_1,53,34.02,3.611,31.634,64.16,92.787,54.539,2024-02-23T00:00:00
cell_1,54,18.18,3.918,53.194,64.16,93.679,51.462,2024-02-24T00:00:00
cell_1,55,20.55,3.547,3.431,64.16,92.557,53.445,2024-02-25T00:00:00
cell_1,56,18.69,4.187,43.809,64.16,94.072,50.853,2024-02-26T00:00:00
cell_1,57,31.09,3.213,77.311,64.16,92.759,50.884,2024-02-27T00:00:00
cell_1,58,15.39,3.331,41.564,64.16,92.32,54.306,2024-02-28T00:00:00
cell_1,59,26.1,3.55,54.103,64.16,93.651,50.969,2024-02-29T00:00:00
cell_1,60,28.64,3.481,25.579,64.16,92.272,54.654,2024-03-01T00:00:00
cell_1,61,38.71,3.55,78.839,64.16,93.403,51.593,2024-03-02T00:00:00
cell_1,62,19.17,3.253,66.137,64.16,92.392,54.58,2024-03-03T00:00:00
cell_1,63,15.96,4.086,46.285,64.16,92.248,54.291,2024-03-04T00:00:00
cell_1,64,17.83,3.281,74.71,64.16,91.867,52.019,2024-03-05T00:00:00
cell_1,65,19.01,3.739,67.891,64.16,92.759,53.461,2024-03-06T00:00:00
cell_1,66,27.2,4.0,34.825,64.16,92.193,53.735,2024-03-07T00:00:00
cell_1,67,26.42,4.078,70.129,64.16,92.797,52.734,2024-03-08T00:00:00
cell_1,68,24.13,3.988,6.216,64.16,91.148,52.114,2024-03-09T00:00:00
cell_1,69,15.82,3.696,37.64,64.16,91.284,54.188,2024-03-10T00:00:00
cell_1,70,31.41,3.449,55.764,64.16,90.735,53.9,2024-03-11T00:00:00
cell_1,71,27.15,4.19,79.282,64.16,90.892,52.149,2024-03-12T00:00:00
cell_1,72,28.23,4.052,37.674,64.16,92.165,54.138,2024-03-13T00:00:00
cell_1,73,23.18,3.255,25.781,64.16,90.993,53.953,2024-03-14T00:00:00
cell_1,74,38.69,3.939,1.726,64.16,91.809,55.699,2024-03-15T00:00:00
cell_1,75,30.46,3.907,58.625,64.16,90.36,51.823,2024-03-16T00:00:00
cell_1,76,28.29,4.117,28.024,64.16,90.869,55.389,2024-03-17T00:00:00
cell_1,77,38.98,3.597,46.224,64.16,91.387,52.643,2024-03-18T00:00:00
cell_1,78,23.14,4.163,16.298,64.16,89.734,54.296,2024-03-19T00:00:00
cell_1,79,20.96,3.979,44.45,64.16,90.279,52.522,2024-03-20T00:00:00
cell_1,80,17.14,3.279,58.632,64.16,90.29,54.265,2024-03-21T00:00:00
cell_1,81,15.42,3.48,6.981,64.16,89.55,55.238,2024-03-22T00:00:00
cell_1,82,36.3,3.771,74.598,64.16,90.337,53.461,2024-03-23T00:00:00
cell_1,83,39.14,3.922,56.522,64.16,90.6,53.772,2024-03-24T00:00:00
cell_1,84,39.46,3.382,78.367,64.16,89.001,52.503,2024-03-25T00:00:00
cell_1,85,25.38,3.691,69.716,64.16,90.668,52.687,2024-03-26T00:00:00
cell_1,86,34.87,3.275,14.704,64.16,89.314,54.924,2024-03-27T00:00:00
cell_1,87,39.08,4.023,72.124,64.16,90.221,54.895,2024-03-28T00:00:00
cell_1,88,29.23,3.49,65.274,64.16,90.165,56.302,2024-03-29T00:00:00
cell_1,89,25.26,3.513,57.318,64.16,89.413,53.119,2024-03-30T00:00:00
cell_1,90,21.2,3.25,66.09,64.16,90.111,53.565,2024-03-31T00:00:00
cell_1,91,19.8,3.205,51.908,64.16,89.295,55.876,2024-04-01T00:00:00
cell_1,92,18.8,3.553,60.032,64.16,89.193,55.681,2024-04-02T00:00:00
cell_1,93,22.27,3.852,53.947,64.16,88.682,55.032,2024-04-03T00:00:00
cell_1,94,33.56,4.133,26.929,64.16,89.644,55.231,2024-04-04T00:00:00
cell_1,95,24.06,3.707,1.489,64.16,89.103,52.923,2024-04-05T00:00:00
cell_1,96,39.04,3.52,64.658,64.16,88.321,52.891,2024-04-06T00:00:00
cell_1,97,15.63,3.835,23.051,64.16,87.838,54.438,2024-04-07T00:00:00
cell_1,98,21.45,4.127,58.087,64.16,87.884,56.688,2024-04-08T00:00:00
cell_1,99,18.77,4.039,30.275,64.16,87.579,54.86,2024-04-09T00:00:00
cell_1,100,24.2,3.742,62.775,64.16,87.686,53.906,2024-04-10T00:00:00
cell_1,101,27.78,3.42,77.853,64.16,88.325,54.023,2024-04-11T00:00:00
cell_1,102,39.36,4.029,18.973,64.16,87.397,53.643,2024-04-12T00:00:00
cell_1,103,33.44,4.141,56.036,64.16,86.977,54.482,2024-04-13T00:00:00
cell_1,104,30.34,4.125,76.85,64.16,87.332,56.747,2024-04-14T00:00:00
cell_1,105,28.05,3.902,48.029,64.16,88.327,56.93,2024-04-15T00:00:00
cell_1,106,26.52,3.461,79.042,64.16,87.306,55.192,2024-04-16T00:00:00
cell_1,107,18.38,3.933,33.796,64.16,87.747,54.329,2024-04-17T00:00:00
cell_1,108,19.45,3.483,21.018,64.16,87.978,54.883,2024-04-18T00:00:00
cell_1,109,24.11,3.992,49.158,64.16,85.936,57.024,2024-04-19T00:00:00
cell_1,110,27.38,3.915,13.473,64.16,85.893,55.773,2024-04-20T00:00:00
cell_1,111,17.6,4.027,75.735,64.16,86.701,55.887,2024-04-21T00:00:00
cell_1,112,20.26,3.283,77.325,64.16,86.928,56.022,2024-04-22T00:00:00
cell_1,113,32.74,3.401,13.973,64.16,86.937,53.963,2024-04-23T00:00:00
cell_1,114,31.32,4.095,63.874,64.16,87.031,53.751,2024-04-24T00:00:00
cell_1,115,29.27,3.415,63.875,64.16,87.093,57.609,2024-04-25T00:00:00
cell_1,116,22.37,3.584,26.715,64.16,86.087,57.067,2024-04-26T00:00:00
cell_1,117,27.46,3.46,17.01,64.16,85.119,56.966,2024-04-27T00:00:00
cell_1,118,26.31,4.118,46.522,64.16,85.075,54.622,2024-04-28T00:00:00
cell_1,119,37.99,4.065,19.227,64.16,86.465,57.345,2024-04-29T00:00:00
cell_1,120,18.18,3.44,53.313,64.16,86.242,55.271,2024-04-30T00:00:00
cell_1,121,37.89,3.459,68.625,64.16,84.958,56.558,2024-05-01T00:00:00
cell_1,122,20.11,3.852,70.499,64.16,85.335,54.283,2024-05-02T00:00:00
cell_1,123,19.15,3.683,27.957,64.16,85.944,57.637,2024-05-03T00:00:00
cell_1,124,24.69,3.373,37.046,64.16,85.63,57.431,2024-05-04T00:00:00
cell_1,125,22.07,3.521,76.988,64.16,84.441,56.639,2024-05-05T00:00:00
cell_1,126,20.08,4.147,10.97,64.16,84.14,54.903,2024-05-06T00:00:00
cell_1,127,37.98,3.762,30.069,64.16,84.014,56.334,2024-05-07T00:00:00
cell_1,128,39.48,4.012,62.707,64.16,85.067,55.437,2024-05-08T00:00:00
cell_1,129,35.91,4.043,24.99,64.16,84.251,55.783,2024-05-09T00:00:00
cell_1,130,16.72,3.468,13.378,64.16,83.782,55.873,2024-05-10T00:00:00
cell_1,131,38.17,4.005,79.756,64.16,83.336,54.955,2024-05-11T00:00:00
cell_1,132,25.91,3.475,58.046,64.16,84.01,58.17,2024-05-12T00:00:00
cell_1,133,23.4,3.743,38.646,64.16,85.027,57.161,2024-05-13T00:00:00
cell_1,134,33.39,3.616,17.559,64.16,83.562,55.521,2024-05-14T00:00:00
cell_1,135,21.51,4.165,55.734,64.16,83.785,57.919,2024-05-15T00:00:00
cell_1,136,23.89,3.977,26.282,64.16,84.137,55.576,2024-05-16T00:00:00
cell_1,137,37.21,4.026,69.26,64.16,84.349,58.478,2024-05-17T00:00:00
cell_1,138,38.68,3.262,1.002,64.16,83.033,56.765,2024-05-18T00:00:00
cell_1,139,33.9,3.759,7.998,64.16,83.298,56.881,2024-05-19T00:00:00
cell_1,140,37.11,3.932,74.888,64.16,83.477,55.777,2024-05-20T00:00:00
cell_1,141,28.39,3.66,22.458,64.16,82.421,57.95,2024-05-21T00:00:00
cell_1,142,19.16,3.577,79.901,64.16,83.041,56.411,2024-05-22T00:00:00
cell_1,143,34.1,3.322,43.096,64.16,82.003,55.626,2024-05-23T00:00:00
cell_1,144,28.0,3.25,65.08,64.16,82.699,58.779,2024-05-24T00:00:00
cell_1,145,38.36,3.624,69.303,64.16,83.345,57.327,2024-05-25T00:00:00
cell_1,146,33.16,3.919,62.916,64.16,81.942,56.274,2024-05-26T00:00:00
cell_1,147,24.58,3.452,55.612,64.16,82.549,57.142,2024-05-27T00:00:00
cell_1,148,31.92,3.403,6.795,64.16,81.76,59.179,2024-05-28T00:00:00
cell_1,149,17.66,3.627,44.272,64.16,81.898,58.465,2024-05-29T00:00:00
cell_1,150,28.89,3.432,50.94,64.16,81.433,57.458,2024-05-30T00:00:00
cell_1,151,16.59,3.302,26.179,64.16,82.667,55.707,2024-05-31T00:00:00
cell_1,152,25.71,4.116,42.685,64.16,82.091,58.701,2024-06-01T00:00:00
cell_1,153,26.64,4.097,43.453,64.16,80.758,58.572,2024-06-02T00:00:00
cell_1,154,20.02,3.527,0.755,64.16,82.138,55.762,2024-06-03T00:00:00
cell_1,155,17.63,3.202,35.216,64.16,81.382,59.038,2024-06-04T00:00:00
cell_1,156,20.72,3.447,46.612,64.16,80.897,59.645,2024-06-05T00:00:00
cell_1,157,31.81,3.64,30.508,64.16,81.24,56.162,2024-06-06T00:00:00
cell_1,158,24.39,3.535,55.661,64.16,80.381,58.343,2024-06-07T00:00:00
cell_1,159,26.03,3.331,54.844,64.16,80.234,56.291,2024-06-08T00:00:00
cell_1,160,20.68,3.989,29.401,64.16,79.941,57.899,2024-06-09T00:00:00
cell_1,161,29.49,3.259,43.551,64.16,80.121,59.286,2024-06-10T00:00:00
cell_1,162,36.9,4.057,70.946,64.16,79.922,59.807,2024-06-11T00:00:00
cell_1,163,26.73,3.812,72.133,64.16,80.234,58.524,2024-06-12T00:00:00
cell_1,164,35.68,4.098,3.754,64.16,80.419,57.323,2024-06-13T00:00:00
cell_1,165,35.98,3.848,57.006,64.16,80.16,60.072,2024-06-14T00:00:00
cell_1,166,17.22,3.897,35.857,64.16,80.964,56.47,2024-06-15T00:00:00
cell_1,167,31.21,3.947,46.132,64.16,80.688,57.041,2024-06-16T00:00:00
cell_1,168,37.74,3.434,32.67,64.16,80.123,57.615,2024-06-17T00:00:00
cell_1,169,29.21,4.14,43.884,64.16,79.98,60.23,2024-06-18T00:00:00
cell_1,170,31.85,3.917,54.85,64.16,78.636,56.721,2024-06-19T00:00:00
cell_1,171,16.31,3.216,28.011,64.16,79.258,59.291,2024-06-20T00:00:00
cell_1,172,38.72,3.416,70.495,64.16,79.073,57.089,2024-06-21T00:00:00
cell_1,173,30.54,3.978,67.247,64.16,78.374,58.964,2024-06-22T00:00:00
cell_1,174,26.37,3.249,8.517,64.16,80.08,59.651,2024-06-23T00:00:00
cell_1,175,37.53,3.498,25.173,64.16,79.564,57.348,2024-06-24T00:00:00
cell_1,176,15.69,3.237,40.001,64.16,79.229,58.2,2024-06-25T00:00:00
cell_1,177,32.44,3.295,14.766,64.16,78.664,58.495,2024-06-26T00:00:00
cell_1,178,35.63,4.1,67.348,64.16,78.966,60.128,2024-06-27T00:00:00
cell_1,179,19.97,3.608,15.785,64.16,78.115,57.948,2024-06-28T00:00:00
cell_1,180,26.92,3.35,46.95,64.16,78.387,58.453,2024-06-29T00:00:00
cell_1,181,37.21,3.89,4.033,64.16,78.167,59.58,2024-06-30T00:00:00
cell_1,182,33.73,4.098,53.414,64.16,77.193,60.378,2024-07-01T00:00:00
cell_1,183,18.45,3.45,14.039,64.16,77.665,59.8,2024-07-02T00:00:00
cell_1,184,22.41,3.263,71.086,64.16,78.528,57.396,2024-07-03T00:00:00
cell_1,185,20.36,3.92,0.997,64.16,77.269,60.995,2024-07-04T00:00:00
cell_1,186,21.32,3.432,7.091,64.16,78.26,58.049,2024-07-05T00:00:00
cell_1,187,39.26,3.703,9.146,64.16,77.999,60.425,2024-07-06T00:00:00
cell_1,188,17.55,3.945,1.61,64.16,77.282,58.809,2024-07-07T00:00:00
cell_1,189,32.7,3.329,7.405,64.16,77.39,61.127,2024-07-08T00:00:00
cell_1,190,21.41,3.999,61.076,64.16,77.461,59.863,2024-07-09T00:00:00
cell_1,191,32.19,3.945,11.543,64.16,76.377,59.718,2024-07-10T00:00:00
cell_1,192,17.45,3.279,73.975,64.16,76.06,60.953,2024-07-11T00:00:00
cell_1,193,39.5,3.696,66.534,64.16,77.263,59.076,2024-07-12T00:00:00
cell_1,194,16.53,3.287,35.433,64.16,76.003,57.762,2024-07-13T00:00:00
cell_1,195,36.15,3.664,60.385,64.16,77.476,58.588,2024-07-14T00:00:00
cell_1,196,24.32,3.411,53.787,64.16,77.427,60.739,2024-07-15T00:00:00
cell_1,197,24.54,3.202,20.537,64.16,75.532,60.58,2024-07-16T00:00:00
cell_1,198,26.95,4.064,75.19,64.16,76.056,58.457,2024-07-17T00:00:00
cell_1,199,39.51,3.503,43.114,64.16,77.059,58.402,2024-07-18T00:00:00
cell_1,200,32.29,4.014,17.283,64.16,76.924,60.548,2024-07-19T00:00:00
cell_2,1,22.43,3.449,51.446,43.18,98.897,49.952,2024-01-02T00:00:00
cell_2,2,20.01,4.063,34.679,43.18,100.686,49.439,2024-01-03T00:00:00
cell_2,3,39.68,3.237,40.493,43.18,99.835,50.943,2024-01-04T00:00:00
cell_2,4,19.08,3.693,5.068,43.18,100.216,50.519,2024-01-05T00:00:00
cell_2,5,23.97,3.588,75.234,43.18,98.944,48.874,2024-01-06T00:00:00
cell_2,6,35.03,3.763,6.957,43.18,99.181,51.179,2024-01-07T00:00:00
cell_2,7,34.78,3.377,72.891,43.18,99.481,49.927,2024-01-08T00:00:00
cell_2,8,23.68,3.702,76.677,43.18,100.0,48.412,2024-01-09T00:00:00
cell_2,9,30.82,4.04,54.238,43.18,97.94,50.976,2024-01-10T00:00:00
cell_2,10,26.71,3.447,32.097,43.18,99.6,50.673,2024-01-11T00:00:00
cell_2,11,35.83,4.161,51.273,43.18,99.464,50.447,2024-01-12T00:00:00
cell_2,12,38.34,3.779,19.465,43.18,98.434,52.28,2024-01-13T00:00:00
cell_2,13,21.22,4.084,50.656,43.18,97.933,49.751,2024-01-14T00:00:00
cell_2,14,35.21,4.139,32.395,43.18,97.64,50.291,2024-01-15T00:00:00
cell_2,15,17.52,3.933,25.739,43.18,98.685,51.729,2024-01-16T00:00:00
cell_2,16,22.47,3.325,37.609,43.18,98.745,52.029,2024-01-17T00:00:00
cell_2,17,23.93,3.536,24.083,43.18,98.859,51.715,2024-01-18T00:00:00
cell_2,18,39.82,3.448,58.972,43.18,96.947,51.536,2024-01-19T00:00:00
cell_2,19,26.09,3.983,16.3,43.18,97.749,49.664,2024-01-20T00:00:00
cell_2,20,25.08,3.34,25.868,43.18,97.113,51.004,2024-01-21T00:00:00
cell_2,21,28.21,3.865,10.015,43.18,98.269,50.38,2024-01-22T00:00:00
cell_2,22,26.74,3.952,65.343,43.18,97.605,52.707,2024-01-23T00:00:00
cell_2,23,37.5,4.063,73.794,43.18,96.437,50.813,2024-01-24T00:00:00
cell_2,24,16.5,3.606,78.838,43.18,96.822,50.12,2024-01-25T00:00:00
cell_2,25,38.3,4.109,50.71,43.18,97.65,52.716,2024-01-26T00:00:00
cell_2,26,17.77,3.756,12.537,43.18,96.571,50.992,2024-01-27T00:00:00
cell_2,27,23.76,4.038,20.329,43.18,96.457,50.167,2024-01-28T00:00:00
cell_2,28,36.69,3.25,50.37,43.18,97.435,52.88,2024-01-29T00:00:00
cell_2,29,35.67,3.822,35.866,43.18,95.578,51.255,2024-01-30T00:00:00
cell_2,30,25.92,4.185,43.741,43.18,96.67,50.269,2024-01-31T00:00:00
cell_2,31,15.19,3.23,64.308,43.18,95.6,52.355,2024-02-01T00:00:00
cell_2,32,15.56,4.009,62.889,43.18,96.325,52.161,2024-02-02T00:00:00
cell_2,33,29.47,3.371,78.607,43.18,96.521,53.37,2024-02-03T00:00:00
cell_2,34,15.31,3.569,75.906,43.18,95.286,52.159,2024-02-04T00:00:00
cell_2,35,38.37,4.067,44.092,43.18,96.07,50.599,2024-02-05T00:00:00
cell_2,36,32.44,3.256,42.922,43.18,95.492,51.18,2024-02-06T00:00:00
cell_2,37,30.7,4.198,34.329,43.18,95.768,52.813,2024-02-07T00:00:00
cell_2,38,15.64,3.605,25.947,43.18,96.063,53.731,2024-02-08T00:00:00
cell_2,39,24.74,4.05,7.913,43.18,94.612,51.715,2024-02-09T00:00:00
cell_2,40,17.73,3.628,11.544,43.18,95.092,50.204,2024-02-10T00:00:00
cell_2,41,34.13,3.534,4.187,43.18,94.686,53.759,2024-02-11T00:00:00
cell_2,42,38.08,3.396,45.224,43.18,95.246,52.485,2024-02-12T00:00:00
cell_2,43,23.78,3.36,40.047,43.18,95.532,51.461,2024-02-13T00:00:00
cell_2,44,23.84,3.542,17.83,43.18,94.181,50.557,2024-02-14T00:00:00
cell_2,45,21.89,3.911,57.418,43.18,94.408,54.212,2024-02-15T00:00:00
cell_2,46,35.42,3.288,75.975,43.18,94.555,50.682,2024-02-16T00:00:00
cell_2,47,36.03,4.05,66.693,43.18,95.199,50.512,2024-02-17T00:00:00
cell_2,48,24.27,4.096,57.675,43.18,94.527,51.595,2024-02-18T00:00:00
cell_2,49,39.12,3.222,26.297,43.18,94.912,53.762,2024-02-19T00:00:00
cell_2,50,37.73,3.616,69.712,43.18,93.447,52.771,2024-02-20T00:00:00
cell_2,51,34.99,3.92,66.076,43.18,93.09,51.15,2024-02-21T00:00:00
cell_2,52,18.33,3.457,71.253,43.18,93.689,52.062,2024-02-22T00:00:00
cell_2,53,15.06,3.881,46.418,43.18,94.581,52.22,2024-02-23T00:00:00
cell_2,54,15.92,3.207,73.29,43.18,93.682,53.301,2024-02-24T00:00:00
cell_2,55,33.7,3.284,77.887,43.18,94.079,53.43,2024-02-25T00:00:00
cell_2,56,37.92,4.121,72.343,43.18,93.588,51.616,2024-02-26T00:00:00
cell_2,57,18.95,3.738,42.03,43.18,92.624,52.469,2024-02-27T00:00:00
cell_2,58,32.96,3.893,57.14,43.18,92.846,54.564,2024-02-28T00:00:00
cell_2,59,18.91,3.948,41.328,43.18,93.482,51.604,2024-02-29T00:00:00
cell_2,60,20.83,4.046,49.308,43.18,92.104,51.949,2024-03-01T00:00:00
cell_2,61,34.35,3.313,46.257,43.18,91.968,52.183,2024-03-02T00:00:00
cell_2,62,25.4,3.592,1.171,43.18,93.042,54.267,2024-03-03T00:00:00
cell_2,63,39.47,4.114,49.617,43.18,92.8,53.074,2024-03-04T00:00:00
cell_2,64,38.55,4.015,16.815,43.18,92.221,52.605,2024-03-05T00:00:00
cell_2,65,31.32,3.293,28.219,43.18,91.911,51.516,2024-03-06T00:00:00
cell_2,66,33.54,3.898,28.043,43.18,92.518,53.592,2024-03-07T00:00:00
cell_2,67,24.91,3.357,15.552,43.18,92.54,55.001,2024-03-08T00:00:00
cell_2,68,37.39,3.61,26.654,43.18,90.845,52.45,2024-03-09T00:00:00
cell_2,69,39.54,4.091,74.047,43.18,90.79,52.049,2024-03-10T00:00:00
cell_2,70,36.58,3.738,68.961,43.18,91.454,53.035,2024-03-11T00:00:00
cell_2,71,27.19,4.021,8.833,43.18,91.234,54.635,2024-03-12T00:00:00
cell_2,72,29.97,3.874,49.047,43.18,92.206,55.54,2024-03-13T00:00:00
cell_2,73,35.53,3.929,72.998,43.18,91.646,55.239,2024-03-14T00:00:00
cell_2,74,16.6,3.927,46.579,43.18,91.063,53.658,2024-03-15T00:00:00
cell_2,75,26.96,3.657,4.08,43.18,91.233,55.285,2024-03-16T00:00:00
cell_2,76,16.62,3.276,44.953,43.18,90.086,54.634,2024-03-17T00:00:00
cell_2,77,17.51,3.805,14.561,43.18,90.773,54.081,2024-03-18T00:00:00
cell_2,78,23.62,3.353,71.125,43.18,90.85,54.595,2024-03-19T00:00:00
cell_2,79,34.77,3.234,31.773,43.18,90.351,54.528,2024-03-20T00:00:00
cell_2,80,32.1,3.371,48.424,43.18,90.794,54.282,2024-03-21T00:00:00
cell_2,81,18.95,3.566,60.682,43.18,89.579,53.242,2024-03-22T00:00:00
cell_2,82,17.36,3.579,73.065,43.18,89.267,55.341,2024-03-23T00:00:00
cell_2,83,35.7,3.243,40.185,43.18,89.745,52.644,2024-03-24T00:00:00
cell_2,84,16.9,3.912,26.885,43.18,90.362,54.288,2024-03-25T00:00:00
cell_2,85,36.08,3.699,29.008,43.18,90.369,54.552,2024-03-26T00:00:00
cell_2,86,17.57,3.571,9.643,43.18,89.335,52.543,2024-03-27T00:00:00
cell_2,87,21.82,3.75,44.899,43.18,90.273,55.552,2024-03-28T00:00:00
cell_2,88,22.07,3.334,47.779,43.18,88.924,54.89,2024-03-29T00:00:00
cell_2,89,28.21,3.663,17.424,43.18,89.971,52.598,2024-03-30T00:00:00
cell_2,90,27.41,3.522,78.408,43.18,89.366,55.856,2024-03-31T00:00:00
cell_2,91,18.11,3.214,72.261,43.18,88.896,53.003,2024-04-01T00:00:00
cell_2,92,35.23,3.453,26.549,43.18,88.813,55.495,2024-04-02T00:00:00
cell_2,93,28.47,3.885,7.282,43.18,89.309,56.135,2024-04-03T00:00:00
cell_2,94,23.02,3.914,45.986,43.18,89.219,56.052,2024-04-04T00:00:00
cell_2,95,32.0,3.793,0.578,43.18,89.382,53.327,2024-04-05T00:00:00
cell_2,96,32.91,3.581,44.073,43.18,89.41,54.689,2024-04-06T00:00:00
cell_2,97,26.72,3.505,6.508,43.18,88.864,53.781,2024-04-07T00:00:00
cell_2,98,32.5,3.575,42.842,43.18,88.009,53.511,2024-04-08T00:00:00
cell_2,99,33.93,3.668,58.611,43.18,87.642,55.757,2024-04-09T00:00:00
cell_2,100,34.08,3.59,65.667,43.18,88.016,56.048,2024-04-10T00:00:00
cell_2,101,38.94,3.328,30.372,43.18,88.762,56.904,2024-04-11T00:00:00
cell_2,102,29.32,3.458,26.757,43.18,87.875,56.492,2024-04-12T00:00:00
cell_2,103,34.77,4.057,43.304,43.18,86.947,54.446,2024-04-13T00:00:00
cell_2,104,29.76,4.047,27.737,43.18,87.366,54.491,2024-04-14T00:00:00
cell_2,105,34.72,3.254,10.48,43.18,88.172,56.945,2024-04-15T00:00:00
cell_2,106,25.7,3.784,24.313,43.18,86.499,54.298,2024-04-16T00:00:00
cell_2,107,35.83,3.268,37.358,43.18,87.73,54.758,2024-04-17T00:00:00
cell_2,108,19.98,3.423,68.688,43.18,86.714,56.063,2024-04-18T00:00:00
cell_2,109,24.11,3.513,31.465,43.18,87.791,54.026,2024-04-19T00:00:00
cell_2,110,26.45,3.455,47.447,43.18,86.094,54.157,2024-04-20T00:00:00
cell_2,111,20.08,3.975,31.075,43.18,87.216,55.278,2024-04-21T00:00:00
cell_2,112,31.65,3.995,17.6,43.18,87.222,54.69,2024-04-22T00:00:00
cell_2,113,17.98,3.222,77.222,43.18,86.604,56.395,2024-04-23T00:00:00
cell_2,114,20.4,3.842,58.999,43.18,86.688,55.231,2024-04-24T00:00:00
cell_2,115,15.57,3.984,53.002,43.18,86.306,55.021,2024-04-25T00:00:00
cell_2,116,23.03,3.849,18.608,43.18,85.736,57.063,2024-04-26T00:00:00
cell_2,117,19.66,4.089,3.005,43.18,86.19,55.75,2024-04-27T00:00:00
cell_2,118,30.15,3.924,20.602,43.18,85.123,54.552,2024-04-28T00:00:00
cell_2,119,34.98,3.526,60.477,43.18,84.899,57.715,2024-04-29T00:00:00
cell_2,120,30.26,3.473,45.98,43.18,85.936,54.349,2024-04-30T00:00:00
cell_2,121,27.83,3.672,21.869,43.18,86.474,56.356,2024-05-01T00:00:00
cell_2,122,25.14,4.001,7.921,43.18,84.575,56.069,2024-05-02T00:00:00
cell_2,123,29.94,4.148,6.631,43.18,85.145,54.72,2024-05-03T00:00:00
cell_2,124,36.38,3.517,30.034,43.18,84.9,56.304,2024-05-04T00:00:00
cell_2,125,32.78,3.996,69.974,43.18,85.719,56.819,2024-05-05T00:00:00
cell_2,126,15.18,4.119,19.606,43.18,85.309,54.648,2024-05-06T00:00:00
cell_2,127,31.34,3.738,33.42,43.18,85.696,55.583,2024-05-07T00:00:00
cell_2,128,20.61,3.723,60.653,43.18,84.721,56.098,2024-05-08T00:00:00
cell_2,129,29.52,3.507,35.266,43.18,84.156,58.045,2024-05-09T00:00:00
cell_2,130,26.72,3.758,5.952,43.18,85.077,57.637,2024-05-10T00:00:00
cell_2,131,34.9,4.099,41.412,43.18,84.389,55.227,2024-05-11T00:00:00
cell_2,132,22.03,4.168,62.509,43.18,83.795,58.269,2024-05-12T00:00:00
cell_2,133,23.6,3.805,48.126,43.18,83.666,55.343,2024-05-13T00:00:00
cell_2,134,20.44,3.348,37.846,43.18,84.533,55.835,2024-05-14T00:00:00
cell_2,135,27.46,3.243,55.295,43.18,83.033,58.619,2024-05-15T00:00:00
cell_2,136,35.99,3.309,31.403,43.18,83.96,58.778,2024-05-16T00:00:00
cell_2,137,22.25,3.653,69.81,43.18,84.081,58.039,2024-05-17T00:00:00
cell_2,138,34.22,3.272,57.606,43.18,82.887,57.137,2024-05-18T00:00:00
cell_2,139,24.61,3.903,45.413,43.18,82.383,57.597,2024-05-19T00:00:00
cell_2,140,22.06,3.594,75.798,43.18,82.308,56.686,2024-05-20T00:00:00
cell_2,141,29.91,3.999,63.613,43.18,82.66,56.446,2024-05-21T00:00:00
cell_2,142,27.06,3.722,18.474,43.18,83.801,57.486,2024-05-22T00:00:00
cell_2,143,31.92,3.258,7.962,43.18,82.984,55.966,2024-05-23T00:00:00
cell_2,144,36.59,3.26,20.276,43.18,83.507,55.251,2024-05-24T00:00:00
cell_2,145,34.4,3.674,0.642,43.18,83.257,58.523,2024-05-25T00:00:00
cell_2,146,20.17,3.281,15.511,43.18,82.992,58.961,2024-05-26T00:00:00
cell_2,147,35.61,3.636,49.458,43.18,82.953,58.66,2024-05-27T00:00:00
cell_2,148,16.19,4.066,7.66,43.18,83.099,56.958,2024-05-28T00:00:00
cell_2,149,16.28,3.739,57.595,43.18,82.502,58.808,2024-05-29T00:00:00
cell_2,150,16.61,3.608,75.867,43.18,81.957,59.043,2024-05-30T00:00:00
cell_2,151,18.79,3.226,8.307,43.18,81.102,59.31,2024-05-31T00:00:00
cell_2,152,24.63,3.961,7.745,43.18,81.051,56.238,2024-06-01T00:00:00
cell_2,153,29.78,3.611,72.912,43.18,81.622,58.898,2024-06-02T00:00:00
cell_2,154,18.08,3.878,10.183,43.18,81.334,56.2,2024-06-03T00:00:00
cell_2,155,35.66,3.989,9.37,43.18,82.217,58.137,2024-06-04T00:00:00
cell_2,156,16.93,3.36,16.625,43.18,80.994,58.486,2024-06-05T00:00:00
cell_2,157,19.89,3.392,17.153,43.18,80.436,57.761,2024-06-06T00:00:00
cell_2,158,20.83,3.543,27.303,43.18,80.398,55.923,2024-06-07T00:00:00
cell_2,159,16.07,3.253,43.689,43.18,80.8,56.916,2024-06-08T00:00:00
cell_2,160,26.67,3.265,44.184,43.18,81.276,58.024,2024-06-09T00:00:00
cell_2,161,28.44,3.89,57.821,43.18,81.033,57.289,2024-06-10T00:00:00
cell_2,162,16.26,3.828,42.03,43.18,80.992,57.761,2024-06-11T00:00:00
cell_2,163,33.16,3.609,10.731,43.18,81.041,58.16,2024-06-12T00:00:00
cell_2,164,38.04,3.633,76.853,43.18,80.234,60.058,2024-06-13T00:00:00
cell_2,165,33.96,3.525,70.847,43.18,80.352,59.508,2024-06-14T00:00:00
cell_2,166,27.93,3.323,17.373,43.18,79.393,56.895,2024-06-15T00:00:00
cell_2,167,18.19,4.138,68.17,43.18,80.775,57.66,2024-06-16T00:00:00
cell_2,168,36.89,3.927,65.243,43.18,80.739,56.46,2024-06-17T00:00:00
cell_2,169,37.01,3.915,2.651,43.18,80.673,59.956,2024-06-18T00:00:00
cell_2,170,34.56,3.828,34.414,43.18,79.733,58.607,2024-06-19T00:00:00
cell_2,171,35.25,3.78,17.417,43.18,80.27,60.01,2024-06-20T00:00:00
cell_2,172,33.36,3.992,50.67,43.18,80.107,57.331,2024-06-21T00:00:00
cell_2,173,33.68,4.185,9.58,43.18,79.464,57.03,2024-06-22T00:00:00
cell_2,174,34.87,4.142,4.513,43.18,79.811,57.151,2024-06-23T00:00:00
cell_2,175,34.88,3.475,79.673,43.18,78.492,60.445,2024-06-24T00:00:00
cell_2,176,39.77,3.579,6.984,43.18,79.057,56.848,2024-06-25T00:00:00
cell_2,177,29.23,3.832,78.873,43.18,79.546,58.188,2024-06-26T00:00:00
cell_2,178,27.84,4.12,54.906,43.18,79.449,57.307,2024-06-27T00:00:00
cell_2,179,15.88,3.81,78.885,43.18,78.028,57.543,2024-06-28T00:00:00
cell_2,180,30.66,3.753,72.306,43.18,78.772,58.736,2024-06-29T00:00:00
cell_2,181,28.91,3.889,53.536,43.18,78.826,58.265,2024-06-30T00:00:00
cell_2,182,34.87,3.921,31.93,43.18,78.651,57.553,2024-07-01T00:00:00
cell_2,183,16.08,3.343,68.534,43.18,78.581,57.301,2024-07-02T00:00:00
cell_2,184,18.6,3.839,14.198,43.18,77.256,59.83,2024-07-03T00:00:00
cell_2,185,33.71,3.225,79.347,43.18,78.01,60.6,2024-07-04T00:00:00
cell_2,186,27.2,3.636,1.572,43.18,76.81,58.797,2024-07-05T00:00:00
cell_2,187,20.15,4.175,28.438,43.18,77.695,58.295,2024-07-06T00:00:00
cell_2,188,38.9,3.698,52.457,43.18,77.553,59.516,2024-07-07T00:00:00
cell_2,189,35.97,4.143,57.754,43.18,78.217,61.211,2024-07-08T00:00:00
cell_2,190,28.37,3.592,50.062,43.18,77.096,60.088,2024-07-09T00:00:00
cell_2,191,19.7,4.044,66.694,43.18,76.429,57.819,2024-07-10T00:00:00
cell_2,192,29.31,4.061,11.077,43.18,76.184,61.1,2024-07-11T00:00:00
cell_2,193,22.53,4.07,69.171,43.18,77.144,58.558,2024-07-12T00:00:00
cell_2,194,36.12,3.297,2.861,43.18,76.066,58.907,2024-07-13T00:00:00
cell_2,195,21.41,3.686,25.638,43.18,76.444,60.035,2024-07-14T00:00:00
cell_2,196,33.83,3.925,17.054,43.18,76.047,59.506,2024-07-15T00:00:00
cell_2,197,39.77,3.312,35.498,43.18,75.538,59.676,2024-07-16T00:00:00
cell_2,198,33.09,3.322,79.948,43.18,76.75,58.215,2024-07-17T00:00:00
cell_2,199,20.33,3.569,40.459,43.18,75.757,58.001,2024-07-18T00:00:00
cell_2,200,35.26,3.972,7.116,43.18,76.597,59.225,2024-07-19T00:00:00
cell_3,1,22.6,3.545,50.879,59.82,99.568,48.282,2024-01-02T00:00:00
cell_3,2,23.35,3.469,26.054,59.82,99.108,51.057,2024-01-03T00:00:00
cell_3,3,26.8,3.34,46.251,59.82,100.55,48.26,2024-01-04T00:00:00
cell_3,4,20.44,3.576,69.961,59.82,98.533,49.302,2024-01-05T00:00:00
cell_3,5,16.95,3.316,20.833,59.82,98.747,49.633,2024-01-06T00:00:00
cell_3,6,36.53,3.246,33.406,59.82,98.685,49.529,2024-01-07T00:00:00
cell_3,7,37.79,3.765,28.422,59.82,99.414,51.087,2024-01-08T00:00:00
cell_3,8,27.12,3.275,29.09,59.82,98.519,50.913,2024-01-09T00:00:00
cell_3,9,18.99,3.776,69.405,59.82,99.44,51.046,2024-01-10T00:00:00
cell_3,10,31.49,3.579,66.514,59.82,97.811,51.223,2024-01-11T00:00:00
cell_3,11,16.72,3.229,58.906,59.82,99.197,51.081,2024-01-12T00:00:00
cell_3,12,37.86,3.356,30.58,59.82,98.808,51.292,2024-01-13T00:00:00
cell_3,13,38.86,4.009,79.791,59.82,98.247,51.224,2024-01-14T00:00:00
cell_3,14,17.56,3.439,4.768,59.82,98.993,50.926,2024-01-15T00:00:00
cell_3,15,32.21,3.467,23.457,59.82,98.692,50.808,2024-01-16T00:00:00
cell_3,16,27.88,4.198,31.279,59.82,97.535,51.791,2024-01-17T00:00:00
cell_3,17,20.76,4.071,8.842,59.82,98.547,49.213,2024-01-18T00:00:00
cell_3,18,39.73,4.025,27.709,59.82,98.302,51.237,2024-01-19T00:00:00
cell_3,19,18.13,4.164,74.892,59.82,97.737,49.217,2024-01-20T00:00:00
cell_3,20,30.77,4.069,67.081,59.82,96.794,49.974,2024-01-21T00:00:00
cell_3,21,15.61,4.135,1.175,59.82,96.999,51.339,2024-01-22T00:00:00
cell_3,22,23.27,3.338,38.536,59.82,96.841,51.018,2024-01-23T00:00:00
cell_3,23,27.63,4.013,48.429,59.82,96.402,52.958,2024-01-24T00:00:00
cell_3,24,23.43,3.748,53.256,59.82,97.057,52.441,2024-01-25T00:00:00
cell_3,25,29.15,3.497,4.897,59.82,96.95,50.523,2024-01-26T00:00:00
cell_3,26,20.3,3.475,51.773,59.82,96.327,51.259,2024-01-27T00:00:00
cell_3,27,18.36,3.381,47.717,59.82,96.134,50.64,2024-01-28T00:00:00
cell_3,28,25.66,4.003,70.796,59.82,96.454,52.994,2024-01-29T00:00:00
cell_3,29,39.98,3.245,57.438,59.82,95.553,50.615,2024-01-30T00:00:00
cell_3,30,28.24,3.687,78.951,59.82,95.406,50.939,2024-01-31T00:00:00
cell_3,31,15.8,3.713,2.224,59.82,96.661,51.69,2024-02-01T00:00:00
cell_3,32,15.23,4.151,63.142,59.82,96.604,52.29,2024-02-02T00:00:00
cell_3,33,23.77,3.338,24.857,59.82,95.678,50.396,2024-02-03T00:00:00
cell_3,34,18.76,3.457,41.607,59.82,95.183,50.636,2024-02-04T00:00:00
cell_3,35,34.77,3.534,48.483,59.82,94.851,50.674,2024-02-05T00:00:00
cell_3,36,21.86,3.642,76.322,59.82,95.357,53.6,2024-02-06T00:00:00
cell_3,37,25.74,3.654,55.397,59.82,94.979,53.25,2024-02-07T00:00:00
cell_3,38,33.69,4.006,45.959,59.82,95.48,52.908,2024-02-08T00:00:00
cell_3,39,19.04,3.671,57.011,59.82,95.45,50.7,2024-02-09T00:00:00
cell_3,40,30.51,4.065,33.16,59.82,94.425,50.919,2024-02-10T00:00:00
cell_3,41,34.6,3.788,36.112,59.82,95.402,51.766,2024-02-11T00:00:00
cell_3,42,17.76,3.962,29.983,59.82,95.791,52.289,2024-02-12T00:00:00
cell_3,43,25.91,4.012,35.611,59.82,94.907,53.505,2024-02-13T00:00:00
cell_3,44,29.0,3.657,9.471,59.82,94.046,51.389,2024-02-14T00:00:00
cell_3,45,25.24,3.695,41.634,59.82,95.401,52.807,2024-02-15T00:00:00
cell_3,46,36.06,3.687,53.343,59.82,95.098,52.156,2024-02-16T00:00:00
cell_3,47,28.54,3.906,31.558,59.82,94.331,50.87,2024-02-17T00:00:00
cell_3,48,24.79,3.655,51.8,59.82,94.667,53.908,2024-02-18T00:00:00
cell_3,49,30.16,3.806,32.442,59.82,93.223,50.522,2024-02-19T00:00:00
cell_3,50,38.37,3.439,36.443,59.82,93.372,52.778,2024-02-20T00:00:00
cell_3,51,19.12,3.353,76.057,59.82,94.035,53.014,2024-02-21T00:00:00
cell_3,52,23.61,4.02,24.812,59.82,93.156,50.607,2024-02-22T00:00:00
cell_3,53,32.71,3.524,58.268,59.82,94.255,52.34,2024-02-23T00:00:00
cell_3,54,24.2,3.202,42.282,59.82,92.865,52.821,2024-02-24T00:00:00
cell_3,55,34.72,4.017,40.553,59.82,93.222,51.789,2024-02-25T00:00:00
cell_3,56,24.28,3.812,49.831,59.82,92.721,51.118,2024-02-26T00:00:00
cell_3,57,29.96,3.852,68.346,59.82,92.842,51.458,2024-02-27T00:00:00
cell_3,58,26.86,3.478,4.093,59.82,93.491,51.52,2024-02-28T00:00:00
cell_3,59,18.82,3.704,36.242,59.82,92.77,54.684,2024-02-29T00:00:00
cell_3,60,15.13,3.359,56.539,59.82,91.979,54.036,2024-03-01T00:00:00
cell_3,61,21.3,3.954,12.092,59.82,92.711,52.858,2024-03-02T00:00:00
cell_3,62,30.91,3.759,71.486,59.82,93.419,53.852,2024-03-03T00:00:00
cell_3,63,15.2,4.031,58.651,59.82,93.264,53.578,2024-03-04T00:00:00
cell_3,64,19.84,3.511,1.901,59.82,93.151,53.8,2024-03-05T00:00:00
cell_3,65,16.99,3.663,68.484,59.82,92.756,52.301,2024-03-06T00:00:00
cell_3,66,39.26,3.714,5.278,59.82,92.119,52.281,2024-03-07T00:00:00
cell_3,67,32.1,3.661,22.346,59.82,92.528,51.989,2024-03-08T00:00:00
cell_3,68,19.46,3.445,21.158,59.82,91.575,54.736,2024-03-09T00:00:00
cell_3,69,31.27,3.88,48.992,59.82,92.257,55.025,2024-03-10T00:00:00
cell_3,70,16.98,3.681,1.752,59.82,91.879,53.06,2024-03-11T00:00:00
cell_3,71,37.31,3.315,43.009,59.82,91.45,52.456,2024-03-12T00:00:00
cell_3,72,19.73,3.364,8.96,59.82,90.369,54.627,2024-03-13T00:00:00
cell_3,73,24.41,3.228,75.828,59.82,90.88,54.91,2024-03-14T00:00:00
cell_3,74,22.85,3.413,64.81,59.82,90.592,53.375,2024-03-15T00:00:00
cell_3,75,28.8,3.438,18.346,59.82,91.013,54.639,2024-03-16T00:00:00
cell_3,76,36.57,3.488,19.449,59.82,91.07,53.372,2024-03-17T00:00:00
cell_3,77,31.03,3.449,56.065,59.82,91.502,55.326,2024-03-18T00:00:00
cell_3,78,28.8,3.476,6.769,59.82,89.706,55.46,2024-03-19T00:00:00
cell_3,79,31.36,3.281,40.433,59.82,90.233,54.812,2024-03-20T00:00:00
cell_3,80,36.45,3.319,50.758,59.82,91.31,52.088,2024-03-21T00:00:00
cell_3,81,17.72,3.961,50.39,59.82,91.065,55.579,2024-03-22T00:00:00
cell_3,82,35.75,3.514,14.11,59.82,90.283,53.075,2024-03-23T00:00:00
cell_3,83,20.24,4.194,52.57,59.82,89.636,53.322,2024-03-24T00:00:00
cell_3,84,33.28,3.529,44.925,59.82,90.208,54.61,2024-03-25T00:00:00
cell_3,85,18.86,3.633,13.828,59.82,90.688,56.183,2024-03-26T00:00:00
cell_3,86,25.75,3.472,32.858,59.82,89.848,54.505,2024-03-27T00:00:00
cell_3,87,24.39,4.04,60.53,59.82,89.389,53.065,2024-03-28T00:00:00
cell_3,88,25.8,3.584,44.759,59.82,89.792,54.691,2024-03-29T00:00:00
cell_3,89,26.53,3.601,71.834,59.82,90.087,55.806,2024-03-30T00:00:00
cell_3,90,28.01,3.49,55.877,59.82,89.395,56.23,2024-03-31T00:00:00
cell_3,91,18.56,3.445,29.163,59.82,88.395,56.281,2024-04-01T00:00:00
cell_3,92,39.73,3.877,45.031,59.82,88.702,55.374,2024-04-02T00:00:00
cell_3,93,19.0,3.849,72.426,59.82,89.129,55.273,2024-04-03T00:00:00
cell_3,94,31.96,3.929,10.165,59.82,87.798,54.236,2024-04-04T00:00:00
cell_3,95,17.48,3.205,37.1,59.82,89.144,54.391,2024-04-05T00:00:00
cell_3,96,19.7,3.586,4.344,59.82,88.237,56.022,2024-04-06T00:00:00
cell_3,97,28.82,3.238,73.716,59.82,87.745,53.583,2024-04-07T00:00:00
cell_3,98,35.59,3.96,0.855,59.82,87.936,53.139,2024-04-08T00:00:00
cell_3,99,20.56,3.482,29.599,59.82,87.236,54.355,2024-04-09T00:00:00
cell_3,100,22.44,4.124,13.058,59.82,88.967,54.279,2024-04-10T00:00:00
cell_3,101,30.36,3.462,47.219,59.82,88.706,54.429,2024-04-11T00:00:00
cell_3,102,38.5,3.823,24.788,59.82,88.728,56.481,2024-04-12T00:00:00
cell_3,103,22.71,4.183,44.457,59.82,87.9,53.277,2024-04-13T00:00:00
cell_3,104,24.33,3.942,66.028,59.82,87.191,55.148,2024-04-14T00:00:00
cell_3,105,30.5,3.484,54.12,59.82,87.401,56.397,2024-04-15T00:00:00
cell_3,106,32.49,3.835,35.392,59.82,87.62,54.424,2024-04-16T00:00:00
cell_3,107,22.53,3.34,31.76,59.82,87.618,55.909,2024-04-17T00:00:00
cell_3,108,29.12,3.324,53.029,59.82,88.028,55.096,2024-04-18T00:00:00
cell_3,109,18.75,3.925,52.981,59.82,86.142,54.48,2024-04-19T00:00:00
cell_3,110,19.76,3.324,54.692,59.82,86.54,55.217,2024-04-20T00:00:00
cell_3,111,37.57,3.31,54.578,59.82,86.082,53.641,2024-04-21T00:00:00
cell_3,112,35.72,3.437,53.304,59.82,86.05,57.107,2024-04-22T00:00:00
cell_3,113,25.92,3.623,46.515,59.82,85.821,57.443,2024-04-23T00:00:00
cell_3,114,36.09,3.409,33.606,59.82,85.921,55.148,2024-04-24T00:00:00
cell_3,115,18.23,3.832,67.848,59.82,86.484,53.913,2024-04-25T00:00:00
cell_3,116,32.15,3.497,28.082,59.82,86.146,54.779,2024-04-26T00:00:00
cell_3,117,22.62,3.319,0.885,59.82,86.159,54.562,2024-04-27T00:00:00
cell_3,118,30.73,3.218,30.204,59.82,85.997,57.554,2024-04-28T00:00:00
cell_3,119,17.24,3.587,51.128,59.82,86.41,56.019,2024-04-29T00:00:00
cell_3,120,29.98,3.512,78.91,59.82,84.725,56.722,2024-04-30T00:00:00
cell_3,121,20.64,3.227,11.214,59.82,85.541,55.593,2024-05-01T00:00:00
cell_3,122,28.48,3.381,77.849,59.82,85.103,56.187,2024-05-02T00:00:00
cell_3,123,24.73,3.717,50.772,59.82,84.817,57.221,2024-05-03T00:00:00
cell_3,124,16.77,3.591,35.182,59.82,84.777,56.813,2024-05-04T00:00:00
cell_3,125,28.65,3.999,13.096,59.82,84.393,56.7,2024-05-05T00:00:00
cell_3,126,37.46,4.044,68.303,59.82,85.678,54.909,2024-05-06T00:00:00
cell_3,127,16.04,3.75,10.899,59.82,84.136,55.81,2024-05-07T00:00:00
cell_3,128,20.32,3.41,50.892,59.82,85.029,58.309,2024-05-08T00:00:00
cell_3,129,19.02,4.155,44.689,59.82,84.945,58.21,2024-05-09T00:00:00
cell_3,130,16.61,3.327,59.511,59.82,84.113,58.338,2024-05-10T00:00:00
cell_3,131,16.95,3.257,6.066,59.82,84.837,56.546,2024-05-11T00:00:00
cell_3,132,23.12,4.13,28.407,59.82,84.681,55.456,2024-05-12T00:00:00
cell_3,133,32.68,3.928,36.2,59.82,83.449,57.278,2024-05-13T00:00:00
cell_3,134,26.04,3.313,32.505,59.82,83.71,55.353,2024-05-14T00:00:00
cell_3,135,32.63,3.359,56.809,59.82,84.74,56.913,2024-05-15T00:00:00
cell_3,136,30.61,3.635,8.169,59.82,84.112,55.399,2024-05-16T00:00:00
cell_3,137,37.02,4.011,41.215,59.82,82.827,58.063,2024-05-17T00:00:00
cell_3,138,16.56,3.792,22.246,59.82,84.1,56.671,2024-05-18T00:00:00
cell_3,139,24.38,3.396,2.975,59.82,83.129,55.063,2024-05-19T00:00:00
cell_3,140,24.72,4.162,29.695,59.82,82.678,56.448,2024-05-20T00:00:00
cell_3,141,15.72,3.861,54.428,59.82,83.345,58.598,2024-05-21T00:00:00
cell_3,142,23.31,4.19,9.495,59.82,82.945,57.582,2024-05-22T00:00:00
cell_3,143,19.99,3.822,32.457,59.82,83.79,56.16,2024-05-23T00:00:00
cell_3,144,15.76,4.017,28.793,59.82,82.998,58.402,2024-05-24T00:00:00
cell_3,145,21.41,3.715,25.883,59.82,82.338,56.608,2024-05-25T00:00:00
cell_3,146,37.34,3.798,51.807,59.82,82.465,56.361,2024-05-26T00:00:00
cell_3,147,39.53,3.692,38.352,59.82,81.531,56.783,2024-05-27T00:00:00
cell_3,148,39.67,3.889,10.825,59.82,81.612,58.975,2024-05-28T00:00:00
cell_3,149,29.05,3.826,14.254,59.82,81.692,58.369,2024-05-29T00:00:00
cell_3,150,30.32,3.452,60.752,59.82,81.795,57.536,2024-05-30T00:00:00
cell_3,151,37.85,3.561,19.465,59.82,82.057,55.941,2024-05-31T00:00:00
cell_3,152,32.38,3.734,53.189,59.82,81.595,58.719,2024-06-01T00:00:00
cell_3,153,15.79,3.901,57.758,59.82,80.901,57.116,2024-06-02T00:00:00
cell_3,154,35.39,3.5,67.934,59.82,81.703,55.938,2024-06-03T00:00:00
cell_3,155,34.43,3.851,20.818,59.82,81.726,59.289,2024-06-04T00:00:00
cell_3,156,20.95,4.149,73.656,59.82,81.865,58.66,2024-06-05T00:00:00
cell_3,157,29.01,3.81,50.65,59.82,81.897,59.391,2024-06-06T00:00:00
cell_3,158,26.59,3.85,72.472,59.82,81.891,57.803,2024-06-07T00:00:00
cell_3,159,23.12,3.839,65.429,59.82,81.768,56.103,2024-06-08T00:00:00
cell_3,160,26.56,3.363,23.567,59.82,81.544,59.534,2024-06-09T00:00:00
cell_3,161,34.29,4.2,6.002,59.82,80.298,56.979,2024-06-10T00:00:00
cell_3,162,17.73,3.455,28.749,59.82,80.905,59.246,2024-06-11T00:00:00
cell_3,163,28.59,3.716,25.186,59.82,80.217,58.895,2024-06-12T00:00:00
cell_3,164,27.95,3.594,49.038,59.82,79.345,57.24,2024-06-13T00:00:00
cell_3,165,18.39,3.477,49.735,59.82,79.934,58.674,2024-06-14T00:00:00
cell_3,166,35.5,3.457,36.888,59.82,79.475,59.78,2024-06-15T00:00:00
cell_3,167,23.53,3.739,56.938,59.82,79.413,58.993,2024-06-16T00:00:00
cell_3,168,20.46,3.443,14.668,59.82,79.683,57.913,2024-06-17T00:00:00
cell_3,169,37.94,3.585,29.291,59.82,79.643,59.456,2024-06-18T00:00:00
cell_3,170,30.08,3.887,51.387,59.82,80.294,57.598,2024-06-19T00:00:00
cell_3,171,23.29,3.795,70.566,59.82,79.045,57.982,2024-06-20T00:00:00
cell_3,172,18.01,3.856,59.063,59.82,78.844,58.515,2024-06-21T00:00:00
cell_3,173,17.04,4.048,42.518,59.82,79.152,59.47,2024-06-22T00:00:00
cell_3,174,32.14,3.569,60.362,59.82,79.281,60.291,2024-06-23T00:00:00
cell_3,175,37.0,3.351,67.173,59.82,78.836,58.626,2024-06-24T00:00:00
cell_3,176,23.73,3.841,11.871,59.82,78.765,58.956,2024-06-25T00:00:00
cell_3,177,21.14,3.8,63.008,59.82,78.108,57.876,2024-06-26T00:00:00
cell_3,178,38.93,3.696,23.001,59.82,78.283,60.268,2024-06-27T00:00:00
cell_3,179,36.46,3.948,40.123,59.82,78.267,58.435,2024-06-28T00:00:00
cell_3,180,35.79,3.866,10.776,59.82,78.103,58.324,2024-06-29T00:00:00
cell_3,181,27.03,3.454,36.877,59.82,79.141,58.232,2024-06-30T00:00:00
cell_3,182,25.1,3.899,74.353,59.82,78.442,58.229,2024-07-01T00:00:00
cell_3,183,31.41,3.398,24.218,59.82,78.672,57.818,2024-07-02T00:00:00
cell_3,184,37.67,3.307,61.847,59.82,77.087,60.924,2024-07-03T00:00:00
cell_3,185,26.19,3.861,73.135,59.82,77.48,60.568,2024-07-04T00:00:00
cell_3,186,19.76,3.684,55.725,59.82,77.203,60.386,2024-07-05T00:00:00
cell_3,187,21.7,3.507,54.456,59.82,77.517,58.074,2024-07-06T00:00:00
cell_3,188,32.6,4.113,14.5,59.82,78.034,60.672,2024-07-07T00:00:00
cell_3,189,33.98,3.817,62.907,59.82,78.022,60.135,2024-07-08T00:00:00
cell_3,190,22.24,3.471,76.964,59.82,78.149,57.659,2024-07-09T00:00:00
cell_3,191,26.82,4.072,77.839,59.82,77.412,60.505,2024-07-10T00:00:00
cell_3,192,32.78,3.499,56.482,59.82,77.008,59.871,2024-07-11T00:00:00
cell_3,193,22.36,4.162,44.158,59.82,76.235,59.05,2024-07-12T00:00:00
cell_3,194,20.32,4.082,54.539,59.82,76.238,59.582,2024-07-13T00:00:00
cell_3,195,36.97,3.683,15.105,59.82,75.798,61.452,2024-07-14T00:00:00
cell_3,196,29.08,3.43,5.634,59.82,75.64,57.987,2024-07-15T00:00:00
cell_3,197,32.7,3.702,57.757,59.82,76.293,58.105,2024-07-16T00:00:00
cell_3,198,29.97,3.322,30.88,59.82,75.707,57.966,2024-07-17T00:00:00
cell_3,199,34.93,3.85,63.659,59.82,76.557,58.644,2024-07-18T00:00:00
cell_3,200,27.71,3.521,19.714,59.82,75.527,59.842,2024-07-19T00:00:00
cell_4,1,34.72,3.279,31.579,51.54,100.584,50.295,2024-01-02T00:00:00
cell_4,2,16.48,3.324,12.741,51.54,98.899,51.425,2024-01-03T00:00:00
cell_4,3,24.56,3.884,36.993,51.54,100.013,49.379,2024-01-04T00:00:00
cell_4,4,36.54,3.882,8.918,51.54,98.672,51.605,2024-01-05T00:00:00
cell_4,5,17.68,3.679,34.154,51.54,99.032,49.778,2024-01-06T00:00:00
cell_4,6,34.12,4.088,42.38,51.54,99.106,49.244,2024-01-07T00:00:00
cell_4,7,16.8,4.036,60.912,51.54,99.14,51.24,2024-01-08T00:00:00
cell_4,8,33.32,4.181,70.767,51.54,99.656,48.964,2024-01-09T00:00:00
cell_4,9,37.79,3.592,61.356,51.54,97.944,50.68,2024-01-10T00:00:00
cell_4,10,37.67,3.49,7.807,51.54,97.947,49.579,2024-01-11T00:00:00
cell_4,11,17.05,3.524,27.091,51.54,97.844,52.209,2024-01-12T00:00:00
cell_4,12,17.93,3.782,46.713,51.54,99.537,51.802,2024-01-13T00:00:00
cell_4,13,18.05,4.027,29.991,51.54,97.927,50.887,2024-01-14T00:00:00
cell_4,14,25.3,4.026,24.222,51.54,98.142,51.598,2024-01-15T00:00:00
cell_4,15,36.64,3.472,61.348,51.54,99.05,52.549,2024-01-16T00:00:00
cell_4,16,35.08,3.971,38.947,51.54,97.355,52.294,2024-01-17T00:00:00
cell_4,17,24.51,3.274,35.128,51.54,97.312,51.521,2024-01-18T00:00:00
cell_4,18,37.68,3.862,22.727,51.54,97.839,51.175,2024-01-19T00:00:00
cell_4,19,27.29,3.734,35.628,51.54,98.641,49.19,2024-01-20T00:00:00
cell_4,20,32.9,4.193,26.686,51.54,96.964,50.039,2024-01-21T00:00:00
cell_4,21,33.08,3.937,74.713,51.54,96.795,49.926,2024-01-22T00:00:00
cell_4,22,29.03,3.619,66.329,51.54,96.523,53.014,2024-01-23T00:00:00
cell_4,23,31.07,3.987,16.318,51.54,96.835,50.606,2024-01-24T00:00:00
cell_4,24,38.65,3.547,61.383,51.54,97.758,50.755,2024-01-25T00:00:00
cell_4,25,26.92,3.353,69.178,51.54,97.08,52.886,2024-01-26T00:00:00
cell_4,26,15.51,3.723,77.153,51.54,97.711,52.419,2024-01-27T00:00:00
cell_4,27,27.84,3.758,23.665,51.54,96.206,49.555,2024-01-28T00:00:00
cell_4,28,32.81,3.275,25.858,51.54,96.058,52.403,2024-01-29T00:00:00
cell_4,29,16.21,3.274,35.286,51.54,96.455,52.114,2024-01-30T00:00:00
cell_4,30,32.42,3.489,53.272,51.54,96.044,49.649,2024-01-31T00:00:00
cell_4,31,36.92,3.785,78.204,51.54,95.363,51.786,2024-02-01T00:00:00
cell_4,32,24.69,3.355,45.273,51.54,95.991,50.968,2024-02-02T00:00:00
cell_4,33,21.73,3.948,64.584,51.54,96.716,49.693,2024-02-03T00:00:00
cell_4,34,21.97,3.716,6.39,51.54,95.427,50.188,2024-02-04T00:00:00
cell_4,35,38.53,3.295,75.191,51.54,96.797,51.463,2024-02-05T00:00:00
cell_4,36,30.47,3.247,59.949,51.54,95.634,51.597,2024-02-06T00:00:00
cell_4,37,23.08,3.763,63.722,51.54,94.946,53.599,2024-02-07T00:00:00
cell_4,38,35.94,4.053,75.095,51.54,95.196,53.431,2024-02-08T00:00:00
cell_4,39,18.84,3.433,59.419,51.54,94.671,50.861,2024-02-09T00:00:00
cell_4,40,36.33,3.841,16.426,51.54,94.612,53.393,2024-02-10T00:00:00
cell_4,41,35.93,3.622,37.805,51.54,95.651,53.745,2024-02-11T00:00:00
cell_4,42,16.91,3.513,29.258,51.54,95.283,50.488,2024-02-12T00:00:00
cell_4,43,35.01,4.039,2.752,51.54,95.174,53.356,2024-02-13T00:00:00
cell_4,44,29.72,4.024,8.36,51.54,94.591,52.089,2024-02-14T00:00:00
cell_4,45,32.77,3.351,19.41,51.54,94.779,50.608,2024-02-15T00:00:00
cell_4,46,31.81,4.048,17.034,51.54,94.585,54.001,2024-02-16T00:00:00
cell_4,47,37.07,4.016,56.377,51.54,93.846,53.51,2024-02-17T00:00:00
cell_4,48,25.71,3.438,2.935,51.54,95.03,50.556,2024-02-18T00:00:00
cell_4,49,26.74,3.968,57.954,51.54,93.569,54.413,2024-02-19T00:00:00
cell_4,50,31.56,3.745,45.219,51.54,94.171,52.418,2024-02-20T00:00:00
cell_4,51,26.28,3.506,54.067,51.54,93.218,51.817,2024-02-21T00:00:00
cell_4,52,25.29,3.891,39.823,51.54,94.255,52.256,2024-02-22T00:00:00
cell_4,53,30.71,3.79,57.038,51.54,94.067,52.964,2024-02-23T00:00:00
cell_4,54,38.18,3.544,24.975,51.54,93.176,53.763,2024-02-24T00:00:00
cell_4,55,29.69,3.33,57.878,51.54,93.389,52.903,2024-02-25T00:00:00
cell_4,56,31.76,3.235,13.874,51.54,92.79,52.551,2024-02-26T00:00:00
cell_4,57,26.71,3.431,20.942,51.54,93.203,52.963,2024-02-27T00:00:00
cell_4,58,38.45,3.371,0.771,51.54,92.096,53.901,2024-02-28T00:00:00
cell_4,59,15.41,3.627,34.08,51.54,92.837,54.293,2024-02-29T00:00:00
cell_4,60,21.12,3.807,52.986,51.54,93.308,54.985,2024-03-01T00:00:00
cell_4,61,26.11,3.639,0.621,51.54,92.661,53.105,2024-03-02T00:00:00
cell_4,62,32.95,3.596,29.085,51.54,92.659,54.855,2024-03-03T00:00:00
cell_4,63,20.48,3.3,5.218,51.54,92.422,52.206,2024-03-04T00:00:00
cell_4,64,28.2,3.476,31.844,51.54,91.743,51.766,2024-03-05T00:00:00
cell_4,65,37.46,3.694,45.994,51.54,91.614,53.974,2024-03-06T00:00:00
cell_4,66,28.44,3.798,74.481,51.54,92.781,52.351,2024-03-07T00:00:00
cell_4,67,17.06,4.19,65.882,51.54,91.978,51.507,2024-03-08T00:00:00
cell_4,68,31.34,4.192,11.403,51.54,91.153,54.529,2024-03-09T00:00:00
cell_4,69,21.81,3.481,47.042,51.54,91.315,53.067,2024-03-10T00:00:00
cell_4,70,17.53,3.776,27.438,51.54,91.649,54.374,2024-03-11T00:00:00
cell_4,71,20.25,4.096,5.371,51.54,91.637,54.158,2024-03-12T00:00:00
cell_4,72,19.17,3.429,51.228,51.54,91.45,52.452,2024-03-13T00:00:00
cell_4,73,26.6,3.466,19.795,51.54,91.813,54.586,2024-03-14T00:00:00
cell_4,74,15.4,3.66,51.534,51.54,91.907,52.734,2024-03-15T00:00:00
cell_4,75,39.22,3.863,46.529,51.54,91.464,55.713,2024-03-16T00:00:00
cell_4,76,25.34,3.382,45.488,51.54,90.793,52.219,2024-03-17T00:00:00
cell_4,77,24.78,3.661,41.954,51.54,91.613,55.17,2024-03-18T00:00:00
cell_4,78,36.92,3.5,29.754,51.54,90.9,52.229,2024-03-19T00:00:00
cell_4,79,34.26,3.551,12.789,51.54,91.335,55.591,2024-03-20T00:00:00
cell_4,80,21.43,3.241,24.926,51.54,90.74,54.9,2024-03-21T00:00:00
cell_4,81,21.74,3.816,15.969,51.54,90.646,53.291,2024-03-22T00:00:00
cell_4,82,15.84,3.677,21.577,51.54,90.586,55.726,2024-03-23T00:00:00
cell_4,83,18.15,4.024,77.467,51.54,89.465,52.8,2024-03-24T00:00:00
cell_4,84,15.35,3.72,74.002,51.54,90.771,54.469,2024-03-25T00:00:00
cell_4,85,20.44,4.022,75.495,51.54,90.049,54.507,2024-03-26T00:00:00
cell_4,86,35.53,3.848,72.967,51.54,89.936,55.664,2024-03-27T00:00:00
cell_4,87,38.26,4.145,7.11,51.54,89.585,56.329,2024-03-28T00:00:00
cell_4,88,24.17,3.785,53.447,51.54,88.51,53.7,2024-03-29T00:00:00
cell_4,89,27.37,3.671,70.572,51.54,90.098,55.219,2024-03-30T00:00:00
cell_4,90,38.51,3.297,57.368,51.54,88.792,52.505,2024-03-31T00:00:00
cell_4,91,33.21,3.812,76.139,51.54,88.659,55.066,2024-04-01T00:00:00
cell_4,92,32.45,3.572,25.589,51.54,88.705,56.38,2024-04-02T00:00:00
cell_4,93,34.73,3.973,51.825,51.54,88.159,54.093,2024-04-03T00:00:00
cell_4,94,28.19,3.477,18.125,51.54,89.48,54.194,2024-04-04T00:00:00
cell_4,95,19.81,3.546,51.978,51.54,87.725,53.852,2024-04-05T00:00:00
cell_4,96,30.9,4.045,52.316,51.54,89.12,56.63,2024-04-06T00:00:00
cell_4,97,27.32,3.857,70.906,51.54,89.011,55.949,2024-04-07T00:00:00
cell_4,98,39.6,3.576,67.995,51.54,87.999,55.863,2024-04-08T00:00:00
cell_4,99,17.09,3.813,3.552,51.54,88.514,56.099,2024-04-09T00:00:00
cell_4,100,35.11,3.304,31.272,51.54,88.017,54.206,2024-04-10T00:00:00
cell_4,101,27.59,3.705,10.103,51.54,88.783,55.114,2024-04-11T00:00:00
cell_4,102,32.35,3.83,61.519,51.54,87.437,54.614,2024-04-12T00:00:00
cell_4,103,36.65,4.086,44.421,51.54,86.819,55.177,2024-04-13T00:00:00
cell_4,104,27.42,3.916,14.347,51.54,87.248,55.41,2024-04-14T00:00:00
cell_4,105,22.53,3.637,9.323,51.54,86.569,53.776,2024-04-15T00:00:00
cell_4,106,22.58,3.32,5.529,51.54,86.718,57.239,2024-04-16T00:00:00
cell_4,107,19.05,3.262,35.538,51.54,87.37,57.219,2024-04-17T00:00:00
cell_4,108,21.32,3.51,9.466,51.54,87.683,54.977,2024-04-18T00:00:00
cell_4,109,24.23,4.025,21.754,51.54,87.502,54.697,2024-04-19T00:00:00
cell_4,110,28.26,3.606,77.881,51.54,87.788,54.334,2024-04-20T00:00:00
cell_4,111,20.56,4.041,50.068,51.54,86.695,54.684,2024-04-21T00:00:00
cell_4,112,30.29,3.71,38.231,51.54,86.226,55.032,2024-04-22T00:00:00
cell_4,113,24.39,3.732,29.797,51.54,85.536,57.377,2024-04-23T00:00:00
cell_4,114,23.11,3.455,42.989,51.54,86.618,54.476,2024-04-24T00:00:00
cell_4,115,29.08,3.442,14.508,51.54,85.628,53.76,2024-04-25T00:00:00
cell_4,116,30.71,3.679,61.616,51.54,85.811,55.81,2024-04-26T00:00:00
cell_4,117,29.89,4.065,67.811,51.54,86.55,54.905,2024-04-27T00:00:00
cell_4,118,15.31,4.081,21.569,51.54,86.468,57.25,2024-04-28T00:00:00
cell_4,119,30.19,3.216,15.753,51.54,85.825,57.106,2024-04-29T00:00:00
cell_4,120,22.0,3.801,36.631,51.54,85.718,57.571,2024-04-30T00:00:00
cell_4,121,25.49,3.75,59.573,51.54,85.827,54.288,2024-05-01T00:00:00
cell_4,122,34.51,4.005,13.779,51.54,84.455,55.423,2024-05-02T00:00:00
cell_4,123,37.86,3.66,67.014,51.54,86.078,57.068,2024-05-03T00:00:00
cell_4,124,32.68,3.905,26.514,51.54,85.679,55.096,2024-05-04T00:00:00
cell_4,125,28.3,3.903,64.154,51.54,85.433,56.86,2024-05-05T00:00:00
cell_4,126,33.11,3.569,32.908,51.54,85.426,57.075,2024-05-06T00:00:00
cell_4,127,27.13,3.775,20.514,51.54,85.299,57.427,2024-05-07T00:00:00
cell_4,128,23.05,3.664,68.57,51.54,83.908,54.758,2024-05-08T00:00:00
cell_4,129,19.49,3.502,26.854,51.54,84.125,55.766,2024-05-09T00:00:00
cell_4,130,24.93,3.262,15.608,51.54,85.028,57.483,2024-05-10T00:00:00
cell_4,131,37.28,4.138,58.335,51.54,84.275,56.298,2024-05-11T00:00:00
cell_4,132,33.52,4.17,10.62,51.54,84.093,55.452,2024-05-12T00:00:00
cell_4,133,36.42,3.83,59.872,51.54,84.27,56.162,2024-05-13T00:00:00
cell_4,134,38.04,3.66,41.852,51.54,84.173,57.312,2024-05-14T00:00:00
cell_4,135,30.65,3.552,24.071,51.54,83.869,56.612,2024-05-15T00:00:00
cell_4,136,16.76,3.317,50.089,51.54,84.535,55.091,2024-05-16T00:00:00
cell_4,137,29.87,3.636,41.558,51.54,84.435,56.025,2024-05-17T00:00:00
cell_4,138,22.45,3.992,13.479,51.54,83.776,56.788,2024-05-18T00:00:00
cell_4,139,28.59,3.58,63.454,51.54,82.387,57.907,2024-05-19T00:00:00
cell_4,140,31.23,3.449,14.366,51.54,83.013,55.348,2024-05-20T00:00:00
cell_4,141,25.88,3.304,6.414,51.54,83.166,57.591,2024-05-21T00:00:00
cell_4,142,36.02,3.668,39.821,51.54,82.221,58.245,2024-05-22T00:00:00
cell_4,143,34.13,3.478,1.61,51.54,82.042,58.639,2024-05-23T00:00:00
cell_4,144,37.21,3.814,52.369,51.54,83.119,56.822,2024-05-24T00:00:00
cell_4,145,39.49,3.63,52.378,51.54,81.889,55.63,2024-05-25T00:00:00
cell_4,146,31.54,4.075,69.617,51.54,82.457,59.253,2024-05-26T00:00:00
cell_4,147,32.67,3.327,21.012,51.54,81.826,56.295,2024-05-27T00:00:00
cell_4,148,36.8,3.352,51.043,51.54,82.422,57.053,2024-05-28T00:00:00
cell_4,149,30.72,3.236,34.726,51.54,83.1,57.69,2024-05-29T00:00:00
cell_4,150,38.12,3.555,1.557,51.54,81.159,57.614,2024-05-30T00:00:00
cell_4,151,29.79,3.494,23.054,51.54,82.468,56.088,2024-05-31T00:00:00
cell_4,152,34.03,3.959,59.257,51.54,81.828,57.68,2024-06-01T00:00:00
cell_4,153,20.67,3.581,53.697,51.54,82.187,56.22,2024-06-02T00:00:00
cell_4,154,34.64,3.372,64.291,51.54,81.58,56.498,2024-06-03T00:00:00
cell_4,155,29.74,3.223,58.955,51.54,82.153,57.657,2024-06-04T00:00:00
cell_4,156,25.26,3.888,35.938,51.54,80.826,58.738,2024-06-05T00:00:00
cell_4,157,31.84,3.343,67.212,51.54,81.303,57.487,2024-06-06T00:00:00
cell_4,158,17.99,3.327,59.679,51.54,80.167,56.083,2024-06-07T00:00:00
cell_4,159,16.28,3.273,34.307,51.54,80.081,56.587,2024-06-08T00:00:00
cell_4,160,37.47,4.031,31.625,51.54,81.179,57.928,2024-06-09T00:00:00
cell_4,161,31.25,3.983,74.621,51.54,80.116,57.709,2024-06-10T00:00:00
cell_4,162,29.21,3.436,39.077,51.54,79.776,58.9,2024-06-11T00:00:00
cell_4,163,38.46,4.128,21.088,51.54,80.983,59.389,2024-06-12T00:00:00
cell_4,164,20.77,3.662,37.077,51.54,81.147,58.316,2024-06-13T00:00:00
cell_4,165,28.97,3.871,35.197,51.54,80.23,59.358,2024-06-14T00:00:00
cell_4,166,38.11,3.392,4.538,51.54,80.527,56.935,2024-06-15T00:00:00
cell_4,167,20.84,4.046,54.273,51.54,80.009,59.621,2024-06-16T00:00:00
cell_4,168,22.74,3.844,42.949,51.54,79.158,57.111,2024-06-17T00:00:00
cell_4,169,29.68,3.337,35.613,51.54,79.994,59.459,2024-06-18T00:00:00
cell_4,170,29.11,3.57,58.13,51.54,79.153,58.558,2024-06-19T00:00:00
cell_4,171,37.74,3.921,56.801,51.54,80.465,59.652,2024-06-20T00:00:00
cell_4,172,20.49,3.216,19.689,51.54,78.451,59.538,2024-06-21T00:00:00
cell_4,173,36.43,3.498,79.12,51.54,78.775,57.728,2024-06-22T00:00:00
cell_4,174,38.37,4.151,16.179,51.54,79.883,59.773,2024-06-23T00:00:00
cell_4,175,33.62,4.059,29.776,51.54,79.941,60.69,2024-06-24T00:00:00
cell_4,176,25.53,3.231,15.33,51.54,78.473,57.916,2024-06-25T00:00:00
cell_4,177,27.6,3.96,58.172,51.54,78.229,59.779,2024-06-26T00:00:00
cell_4,178,27.56,3.571,7.608,51.54,78.552,58.622,2024-06-27T00:00:00
cell_4,179,39.99,3.444,36.144,51.54,78.835,58.146,2024-06-28T00:00:00
cell_4,180,32.05,3.714,22.659,51.54,78.201,59.919,2024-06-29T00:00:00
cell_4,181,21.04,4.039,68.882,51.54,77.538,57.381,2024-06-30T00:00:00
cell_4,182,20.86,3.702,55.48,51.54,77.727,59.577,2024-07-01T00:00:00
cell_4,183,32.62,3.954,37.154,51.54,77.622,60.852,2024-07-02T00:00:00
cell_4,184,34.26,3.761,20.599,51.54,78.747,60.35,2024-07-03T00:00:00
cell_4,185,31.5,3.304,67.77,51.54,77.427,57.332,2024-07-04T00:00:00
cell_4,186,28.52,3.622,16.302,51.54,77.187,61.091,2024-07-05T00:00:00
cell_4,187,39.46,3.388,5.972,51.54,77.189,59.544,2024-07-06T00:00:00
cell_4,188,30.77,4.166,60.21,51.54,77.154,60.056,2024-07-07T00:00:00
cell_4,189,23.51,4.18,44.559,51.54,78.077,59.197,2024-07-08T00:00:00
cell_4,190,18.36,3.287,39.283,51.54,76.292,59.035,2024-07-09T00:00:00
cell_4,191,36.98,4.083,78.167,51.54,77.947,58.267,2024-07-10T00:00:00
cell_4,192,19.61,3.997,54.814,51.54,76.982,58.344,2024-07-11T00:00:00
cell_4,193,25.56,3.225,75.392,51.54,76.965,58.963,2024-07-12T00:00:00
cell_4,194,24.47,3.863,25.721,51.54,76.929,58.642,2024-07-13T00:00:00
cell_4,195,26.87,3.654,31.763,51.54,76.969,58.73,2024-07-14T00:00:00
cell_4,196,39.17,3.61,4.818,51.54,76.783,58.11,2024-07-15T00:00:00
cell_4,197,19.33,3.692,77.946,51.54,76.176,59.03,2024-07-16T00:00:00
cell_4,198,32.19,3.725,28.068,51.54,76.223,61.482,2024-07-17T00:00:00
cell_4,199,37.32,4.176,6.312,51.54,75.382,61.265,2024-07-18T00:00:00
cell_4,200,21.21,4.153,18.787,51.54,75.653,60.454,2024-07-19T00:00:00
cell_5,1,28.12,3.886,11.359,48.44,99.18,50.674,2024-01-02T00:00:00
cell_5,2,30.16,4.084,2.106,48.44,100.098,48.696,2024-01-03T00:00:00
cell_5,3,38.59,3.819,79.76,48.44,99.268,51.015,2024-01-04T00:00:00
cell_5,4,19.58,3.425,7.959,48.44,100.134,48.962,2024-01-05T00:00:00
cell_5,5,26.69,4.159,28.866,48.44,99.118,50.212,2024-01-06T00:00:00
cell_5,6,38.68,3.611,70.133,48.44,99.691,51.994,2024-01-07T00:00:00
cell_5,7,26.33,3.865,11.117,48.44,99.074,48.701,2024-01-08T00:00:00
cell_5,8,38.48,3.307,24.66,48.44,99.206,51.441,2024-01-09T00:00:00
cell_5,9,38.88,3.761,14.231,48.44,99.045,49.326,2024-01-10T00:00:00
cell_5,10,22.16,4.19,31.512,48.44,98.025,52.285,2024-01-11T00:00:00
cell_5,11,24.69,4.022,32.497,48.44,98.328,49.462,2024-01-12T00:00:00
cell_5,12,36.84,3.288,2.999,48.44,98.869,51.375,2024-01-13T00:00:00
cell_5,13,19.26,3.598,12.274,48.44,98.588,52.177,2024-01-14T00:00:00
cell_5,14,32.64,3.513,41.765,48.44,97.368,51.75,2024-01-15T00:00:00
cell_5,15,26.82,3.636,35.483,48.44,97.989,51.25,2024-01-16T00:00:00
cell_5,16,28.53,3.483,4.764,48.44,97.131,49.181,2024-01-17T00:00:00
cell_5,17,39.86,3.947,37.98,48.44,97.842,51.245,2024-01-18T00:00:00
cell_5,18,24.41,3.449,72.007,48.44,97.301,50.742,2024-01-19T00:00:00
cell_5,19,26.08,3.296,69.869,48.44,98.174,50.456,2024-01-20T00:00:00
cell_5,20,17.55,4.197,1.825,48.44,98.52,50.645,2024-01-21T00:00:00
cell_5,21,24.87,3.753,55.573,48.44,96.561,52.911,2024-01-22T00:00:00
cell_5,22,23.31,3.544,48.78,48.44,97.587,50.136,2024-01-23T00:00:00
cell_5,23,31.94,4.094,34.222,48.44,96.867,51.31,2024-01-24T00:00:00
cell_5,24,15.69,4.089,58.697,48.44,97.437,49.599,2024-01-25T00:00:00
cell_5,25,31.3,3.565,36.574,48.44,97.712,50.609,2024-01-26T00:00:00
cell_5,26,21.49,3.766,6.839,48.44,95.955,52.988,2024-01-27T00:00:00
cell_5,27,18.4,3.467,79.212,48.44,95.801,52.515,2024-01-28T00:00:00
cell_5,28,19.09,3.488,62.335,48.44,95.651,53.241,2024-01-29T00:00:00
cell_5,29,22.6,4.178,74.265,48.44,95.621,52.936,2024-01-30T00:00:00
cell_5,30,31.02,3.751,18.773,48.44,95.535,50.59,2024-01-31T00:00:00
cell_5,31,24.07,3.792,34.931,48.44,95.551,52.062,2024-02-01T00:00:00
cell_5,32,36.01,3.548,27.794,48.44,96.533,49.713,2024-02-02T00:00:00
cell_5,33,32.13,3.573,21.578,48.44,95.506,50.962,2024-02-03T00:00:00
cell_5,34,38.54,3.686,70.361,48.44,96.244,49.885,2024-02-04T00:00:00
cell_5,35,23.04,3.406,77.373,48.44,95.749,53.309,2024-02-05T00:00:00
cell_5,36,29.6,3.468,37.733,48.44,95.331,51.233,2024-02-06T00:00:00
cell_5,37,15.77,3.831,37.625,48.44,95.905,51.41,2024-02-07T00:00:00
cell_5,38,18.14,3.755,33.935,48.44,96.362,51.627,2024-02-08T00:00:00
cell_5,39,35.28,3.872,38.843,48.44,95.398,50.994,2024-02-09T00:00:00
cell_5,40,36.85,3.649,63.198,48.44,96.147,50.122,2024-02-10T00:00:00
cell_5,41,25.96,3.696,58.442,48.44,95.645,53.004,2024-02-11T00:00:00
cell_5,42,33.65,3.484,53.912,48.44,95.161,53.376,2024-02-12T00:00:00
cell_5,43,23.98,3.91,44.592,48.44,95.589,50.154,2024-02-13T00:00:00
cell_5,44,22.68,4.12,15.844,48.44,94.794,52.752,2024-02-14T00:00:00
cell_5,45,38.33,3.873,62.963,48.44,93.738,52.275,2024-02-15T00:00:00
cell_5,46,28.36,3.5,15.804,48.44,95.373,52.293,2024-02-16T00:00:00
cell_5,47,38.88,3.944,5.182,48.44,94.65,50.962,2024-02-17T00:00:00
cell_5,48,27.38,3.958,60.976,48.44,94.871,50.941,2024-02-18T00:00:00
cell_5,49,19.75,3.754,65.696,48.44,95.067,52.407,2024-02-19T00:00:00
cell_5,50,23.37,3.836,42.064,48.44,93.316,52.886,2024-02-20T00:00:00
cell_5,51,21.09,3.59,9.881,48.44,94.487,51.861,2024-02-21T00:00:00
cell_5,52,25.52,3.706,43.901,48.44,94.52,51.933,2024-02-22T00:00:00
cell_5,53,27.93,3.916,68.152,48.44,94.18,52.458,2024-02-23T00:00:00
cell_5,54,32.37,3.349,73.604,48.44,94.2,52.02,2024-02-24T00:00:00
cell_5,55,39.26,4.113,62.303,48.44,93.527,51.97,2024-02-25T00:00:00
cell_5,56,35.6,3.379,13.052,48.44,92.436,52.449,2024-02-26T00:00:00
cell_5,57,23.0,3.239,67.734,48.44,93.535,52.483,2024-02-27T00:00:00
cell_5,58,35.35,3.971,50.32,48.44,93.855,50.988,2024-02-28T00:00:00
cell_5,59,30.64,4.115,25.177,48.44,93.516,52.249,2024-02-29T00:00:00
cell_5,60,38.1,4.189,32.652,48.44,92.952,52.427,2024-03-01T00:00:00
cell_5,61,33.42,4.195,25.295,48.44,92.639,52.883,2024-03-02T00:00:00
cell_5,62,30.66,3.649,73.421,48.44,93.526,53.36,2024-03-03T00:00:00
cell_5,63,35.75,3.352,15.087,48.44,91.624,54.517,2024-03-04T00:00:00
cell_5,64,29.46,4.11,78.51,48.44,92.02,53.115,2024-03-05T00:00:00
cell_5,65,33.33,3.715,56.47,48.44,92.58,52.567,2024-03-06T00:00:00
cell_5,66,25.61,3.677,20.912,48.44,91.196,55.076,2024-03-07T00:00:00
cell_5,67,37.51,4.135,16.898,48.44,92.275,53.255,2024-03-08T00:00:00
cell_5,68,25.68,4.083,55.102,48.44,91.792,52.793,2024-03-09T00:00:00
cell_5,69,30.93,3.819,15.314,48.44,92.317,54.636,2024-03-10T00:00:00
cell_5,70,36.33,4.079,70.578,48.44,92.126,51.7,2024-03-11T00:00:00
cell_5,71,32.28,3.669,12.371,48.44,91.577,51.63,2024-03-12T00:00:00
cell_5,72,21.85,3.232,2.848,48.44,91.142,51.707,2024-03-13T00:00:00
cell_5,73,33.56,3.775,2.44,48.44,90.791,52.173,2024-03-14T00:00:00
cell_5,74,29.01,3.652,28.755,48.44,90.695,52.835,2024-03-15T00:00:00
cell_5,75,27.64,3.203,61.938,48.44,90.674,55.295,2024-03-16T00:00:00
cell_5,76,27.08,4.146,48.459,48.44,90.357,52.665,2024-03-17T00:00:00
cell_5,77,22.14,3.614,41.131,48.44,91.484,54.643,2024-03-18T00:00:00
cell_5,78,19.09,3.371,2.615,48.44,91.319,52.145,2024-03-19T00:00:00
cell_5,79,32.42,3.27,32.342,48.44,90.242,54.643,2024-03-20T00:00:00
cell_5,80,19.43,3.412,50.943,48.44,91.183,53.565,2024-03-21T00:00:00
cell_5,81,22.95,3.805,3.214,48.44,91.167,55.666,2024-03-22T00:00:00
cell_5,82,18.87,4.168,58.207,48.44,89.869,53.552,2024-03-23T00:00:00
cell_5,83,30.09,3.615,43.652,48.44,90.968,54.446,2024-03-24T00:00:00
cell_5,84,27.01,3.465,17.349,48.44,89.494,52.679,2024-03-25T00:00:00
cell_5,85,31.51,3.501,27.776,48.44,90.116,54.153,2024-03-26T00:00:00
cell_5,86,20.31,4.075,23.361,48.44,89.716,52.665,2024-03-27T00:00:00
cell_5,87,32.7,3.709,1.389,48.44,89.532,53.422,2024-03-28T00:00:00
cell_5,88,24.95,3.55,41.369,48.44,89.892,53.66,2024-03-29T00:00:00
cell_5,89,37.99,4.095,51.025,48.44,88.404,53.76,2024-03-30T00:00:00
cell_5,90,27.18,4.018,60.002,48.44,88.47,53.071,2024-03-31T00:00:00
cell_5,91,39.1,3.322,15.44,48.44,89.206,56.234,2024-04-01T00:00:00
cell_5,92,37.43,3.526,9.756,48.44,89.098,55.365,2024-04-02T00:00:00
cell_5,93,17.01,3.697,62.094,48.44,88.378,52.788,2024-04-03T00:00:00
cell_5,94,31.03,3.66,67.712,48.44,88.53,52.761,2024-04-04T00:00:00
cell_5,95,24.99,3.554,47.868,48.44,88.118,54.296,2024-04-05T00:00:00
cell_5,96,17.56,3.516,38.691,48.44,89.349,56.353,2024-04-06T00:00:00
cell_5,97,16.03,3.545,51.574,48.44,88.359,56.054,2024-04-07T00:00:00
cell_5,98,19.61,3.495,70.29,48.44,87.846,55.311,2024-04-08T00:00:00
cell_5,99,32.66,4.125,75.942,48.44,88.63,55.87,2024-04-09T00:00:00
cell_5,100,39.22,3.251,42.062,48.44,88.724,54.121,2024-04-10T00:00:00
cell_5,101,22.73,3.541,18.625,48.44,88.349,54.761,2024-04-11T00:00:00
cell_5,102,24.23,3.584,41.046,48.44,88.434,54.129,2024-04-12T00:00:00
cell_5,103,34.55,3.486,3.529,48.44,87.748,56.097,2024-04-13T00:00:00
cell_5,104,22.9,3.807,72.04,48.44,88.203,54.324,2024-04-14T00:00:00
cell_5,105,21.0,3.626,63.13,48.44,86.732,54.357,2024-04-15T00:00:00
cell_5,106,36.95,3.786,5.702,48.44,86.347,53.39,2024-04-16T00:00:00
cell_5,107,28.63,3.208,78.511,48.44,87.743,55.735,2024-04-17T00:00:00
cell_5,108,37.23,3.719,5.065,48.44,87.14,57.073,2024-04-18T00:00:00
cell_5,109,23.63,3.53,63.265,48.44,87.065,56.807,2024-04-19T00:00:00
cell_5,110,22.55,3.869,56.446,48.44,87.137,55.139,2024-04-20T00:00:00
cell_5,111,37.67,4.035,10.861,48.44,86.634,56.037,2024-04-21T00:00:00
cell_5,112,19.65,3.392,60.773,48.44,86.839,54.405,2024-04-22T00:00:00
cell_5,113,30.06,3.241,45.024,48.44,86.363,56.836,2024-04-23T00:00:00
cell_5,114,25.26,3.683,42.47,48.44,86.298,57.295,2024-04-24T00:00:00
cell_5,115,17.0,3.956,42.439,48.44,85.412,55.115,2024-04-25T00:00:00
cell_5,116,21.57,3.676,74.961,48.44,86.692,54.064,2024-04-26T00:00:00
cell_5,117,33.04,3.571,17.945,48.44,86.448,54.219,2024-04-27T00:00:00
cell_5,118,26.04,3.56,14.109,48.44,86.315,55.529,2024-04-28T00:00:00
cell_5,119,38.89,3.327,67.723,48.44,85.274,55.849,2024-04-29T00:00:00
cell_5,120,34.61,4.122,8.344,48.44,85.412,57.702,2024-04-30T00:00:00
cell_5,121,38.04,3.939,40.131,48.44,85.015,56.07,2024-05-01T00:00:00
cell_5,122,22.44,3.24,4.418,48.44,85.458,56.278,2024-05-02T00:00:00
cell_5,123,17.89,3.282,17.101,48.44,85.052,55.503,2024-05-03T00:00:00
cell_5,124,36.43,3.362,43.329,48.44,84.575,58.078,2024-05-04T00:00:00
cell_5,125,21.23,4.134,28.558,48.44,84.224,54.809,2024-05-05T00:00:00
cell_5,126,17.34,4.037,23.582,48.44,84.619,54.74,2024-05-06T00:00:00
cell_5,127,30.83,4.044,71.839,48.44,83.917,55.025,2024-05-07T00:00:00
cell_5,128,26.34,3.695,39.573,48.44,85.589,57.44,2024-05-08T00:00:00
cell_5,129,24.24,3.505,10.287,48.44,83.683,56.7,2024-05-09T00:00:00
cell_5,130,27.19,3.334,74.679,48.44,84.178,56.125,2024-05-10T00:00:00
cell_5,131,35.28,3.722,46.19,48.44,84.069,56.648,2024-05-11T00:00:00
cell_5,132,17.11,4.129,50.08,48.44,84.058,55.806,2024-05-12T00:00:00
cell_5,133,21.38,4.081,71.529,48.44,84.822,56.39,2024-05-13T00:00:00
cell_5,134,39.77,3.781,29.813,48.44,84.171,57.775,2024-05-14T00:00:00
cell_5,135,26.61,3.314,77.344,48.44,84.585,54.939,2024-05-15T00:00:00
cell_5,136,31.6,3.564,67.852,48.44,82.893,58.617,2024-05-16T00:00:00
cell_5,137,24.91,3.568,39.873,48.44,84.063,55.803,2024-05-17T00:00:00
cell_5,138,16.99,3.973,48.429,48.44,84.056,56.587,2024-05-18T00:00:00
cell_5,139,28.4,3.459,55.318,48.44,84.32,56.279,2024-05-19T00:00:00
cell_5,140,24.28,3.645,41.833,48.44,83.921,58.25,2024-05-20T00:00:00
cell_5,141,29.67,3.905,12.219,48.44,82.375,55.054,2024-05-21T00:00:00
cell_5,142,25.1,3.339,60.187,48.44,83.25,56.844,2024-05-22T00:00:00
cell_5,143,24.3,3.576,50.331,48.44,82.949,58.55,2024-05-23T00:00:00
cell_5,144,28.6,3.645,4.166,48.44,81.816,55.988,2024-05-24T00:00:00
cell_5,145,33.82,4.049,40.93,48.44,83.069,58.306,2024-05-25T00:00:00
cell_5,146,17.43,4.146,38.091,48.44,81.915,57.553,2024-05-26T00:00:00
cell_5,147,15.87,3.264,18.675,48.44,83.273,56.224,2024-05-27T00:00:00
cell_5,148,37.65,3.415,16.629,48.44,81.515,59.33,2024-05-28T00:00:00
cell_5,149,28.24,3.933,62.114,48.44,82.428,58.135,2024-05-29T00:00:00
cell_5,150,36.49,3.744,52.238,48.44,82.652,58.809,2024-05-30T00:00:00
cell_5,151,20.66,3.507,69.661,48.44,82.666,57.647,2024-05-31T00:00:00
cell_5,152,38.4,3.66,5.721,48.44,81.097,55.917,2024-06-01T00:00:00
cell_5,153,15.24,3.877,39.847,48.44,81.46,58.135,2024-06-02T00:00:00
cell_5,154,22.12,4.171,51.229,48.44,80.787,56.589,2024-06-03T00:00:00
cell_5,155,39.55,3.322,1.322,48.44,80.518,56.638,2024-06-04T00:00:00
cell_5,156,19.42,3.324,52.84,48.44,81.785,59.349,2024-06-05T00:00:00
cell_5,157,35.85,3.906,33.572,48.44,81.223,58.394,2024-06-06T00:00:00
cell_5,158,32.67,3.526,22.133,48.44,80.237,57.122,2024-06-07T00:00:00
cell_5,159,27.5,3.942,63.833,48.44,80.702,59.48,2024-06-08T00:00:00
cell_5,160,37.98,3.886,49.828,48.44,80.05,59.637,2024-06-09T00:00:00
cell_5,161,35.26,4.04,27.678,48.44,81.221,57.497,2024-06-10T00:00:00
cell_5,162,25.02,3.846,38.039,48.44,81.438,57.664,2024-06-11T00:00:00
cell_5,163,15.89,4.185,61.841,48.44,80.016,58.927,2024-06-12T00:00:00
cell_5,164,36.9,3.285,74.964,48.44,80.712,56.258,2024-06-13T00:00:00
cell_5,165,16.73,4.144,21.259,48.44,80.1,58.541,2024-06-14T00:00:00
cell_5,166,39.74,3.953,30.325,48.44,80.593,60.194,2024-06-15T00:00:00
cell_5,167,38.76,3.923,26.865,48.44,79.002,57.489,2024-06-16T00:00:00
cell_5,168,36.5,3.468,57.58,48.44,80.389,57.414,2024-06-17T00:00:00
cell_5,169,37.04,3.518,37.059,48.44,79.833,57.995,2024-06-18T00:00:00
cell_5,170,15.81,3.211,29.611,48.44,79.794,60.241,2024-06-19T00:00:00
cell_5,171,15.23,3.447,44.098,48.44,79.346,60.329,2024-06-20T00:00:00
cell_5,172,28.78,3.81,32.774,48.44,79.673,58.375,2024-06-21T00:00:00
cell_5,173,35.51,3.59,50.862,48.44,79.543,57.045,2024-06-22T00:00:00
cell_5,174,32.4,4.007,68.848,48.44,78.812,56.775,2024-06-23T00:00:00
cell_5,175,38.68,3.494,26.756,48.44,78.596,58.967,2024-06-24T00:00:00
cell_5,176,32.71,3.272,13.654,48.44,79.397,59.44,2024-06-25T00:00:00
cell_5,177,39.59,3.507,6.15,48.44,78.295,59.516,2024-06-26T00:00:00
cell_5,178,19.64,3.718,6.524,48.44,78.813,59.369,2024-06-27T00:00:00
cell_5,179,27.14,3.933,70.457,48.44,78.284,59.432,2024-06-28T00:00:00
cell_5,180,17.11,3.978,54.244,48.44,77.995,58.1,2024-06-29T00:00:00
cell_5,181,24.5,3.719,19.074,48.44,77.982,60.651,2024-06-30T00:00:00
cell_5,182,23.26,3.786,78.837,48.44,79.051,60.469,2024-07-01T00:00:00
cell_5,183,15.26,3.745,31.134,48.44,77.422,60.17,2024-07-02T00:00:00
cell_5,184,38.54,3.659,32.664,48.44,78.859,58.227,2024-07-03T00:00:00
cell_5,185,27.08,4.14,17.216,48.44,77.967,57.41,2024-07-04T00:00:00
cell_5,186,34.97,4.049,37.25,48.44,77.96,59.435,2024-07-05T00:00:00
cell_5,187,38.77,3.501,46.433,48.44,76.671,57.387,2024-07-06T00:00:00
cell_5,188,38.12,3.881,15.047,48.44,77.289,58.787,2024-07-07T00:00:00
cell_5,189,31.1,4.199,45.363,48.44,76.851,59.206,2024-07-08T00:00:00
cell_5,190,21.89,3.294,51.679,48.44,77.453,60.654,2024-07-09T00:00:00
cell_5,191,15.09,3.63,71.14,48.44,77.061,58.555,2024-07-10T00:00:00
cell_5,192,21.63,3.824,5.239,48.44,77.802,60.452,2024-07-11T00:00:00
cell_5,193,22.59,3.973,31.33,48.44,76.687,57.771,2024-07-12T00:00:00
cell_5,194,17.5,3.715,27.757,48.44,75.814,57.768,2024-07-13T00:00:00
cell_5,195,27.08,4.053,54.241,48.44,77.338,60.047,2024-07-14T00:00:00
cell_5,196,21.44,3.645,24.894,48.44,76.477,60.228,2024-07-15T00:00:00
cell_5,197,37.36,4.112,12.418,48.44,75.53,60.031,2024-07-16T00:00:00
cell_5,198,29.2,3.931,50.376,48.44,77.122,60.189,2024-07-17T00:00:00
cell_5,199,37.8,4.097,17.098,48.44,75.791,59.985,2024-07-18T00:00:00
cell_5,200,30.63,3.361,22.822,48.44,75.624,61.16,2024-07-19T00:00:00
